--------------------------------------------------------
--  파일이 생성됨 - 목요일-12월-29-2022   
--------------------------------------------------------
--------------------------------------------------------
--  DDL for Table CART
--------------------------------------------------------

  CREATE TABLE "CART" 
   (	"CART_NO" NUMBER(5,0), 
	"CART_AMOUNT" NUMBER(2,0), 
	"CART_DATE" DATE, 
	"USER_ID" VARCHAR2(100 BYTE), 
	"PRODUCT_NO" NUMBER(5,0)
   ) SEGMENT CREATION IMMEDIATE 
  PCTFREE 10 PCTUSED 40 INITRANS 1 MAXTRANS 255 NOCOMPRESS LOGGING
  STORAGE(INITIAL 65536 NEXT 1048576 MINEXTENTS 1 MAXEXTENTS 2147483645
  PCTINCREASE 0 FREELISTS 1 FREELIST GROUPS 1 BUFFER_POOL DEFAULT FLASH_CACHE DEFAULT CELL_FLASH_CACHE DEFAULT)
  TABLESPACE "SYSTEM" ;
--------------------------------------------------------
--  DDL for Table DELIVERY
--------------------------------------------------------

  CREATE TABLE "DELIVERY" 
   (	"DELI_ZIPCODE" VARCHAR2(5 BYTE), 
	"DELI_ADDR1" VARCHAR2(1000 BYTE), 
	"DELI_ADDR2" VARCHAR2(2000 BYTE), 
	"USER_ID" VARCHAR2(100 BYTE), 
	"DELI_DEFAULT" NUMBER(1,0) DEFAULT 0, 
	"DELI_NAME" VARCHAR2(100 BYTE), 
	"DELI_PHONE1" VARCHAR2(100 BYTE), 
	"DELI_PHONE2" VARCHAR2(100 BYTE), 
	"DELI_PHONE3" VARCHAR2(100 BYTE), 
	"DELI_NO" NUMBER(5,0)
   ) SEGMENT CREATION IMMEDIATE 
  PCTFREE 10 PCTUSED 40 INITRANS 1 MAXTRANS 255 NOCOMPRESS LOGGING
  STORAGE(INITIAL 65536 NEXT 1048576 MINEXTENTS 1 MAXEXTENTS 2147483645
  PCTINCREASE 0 FREELISTS 1 FREELIST GROUPS 1 BUFFER_POOL DEFAULT FLASH_CACHE DEFAULT CELL_FLASH_CACHE DEFAULT)
  TABLESPACE "SYSTEM" ;
--------------------------------------------------------
--  DDL for Table EVENT
--------------------------------------------------------

  CREATE TABLE "EVENT" 
   (	"EVENT_NO" NUMBER(5,0), 
	"EVENT_THUMBNAIL" VARCHAR2(1000 BYTE), 
	"EVENT_FILE1" VARCHAR2(1000 BYTE), 
	"EVENT_FILE2" VARCHAR2(1000 BYTE), 
	"EVENT_FILE3" VARCHAR2(1000 BYTE), 
	"EVENT_CONT1" VARCHAR2(4000 BYTE), 
	"EVENT_CONT2" VARCHAR2(4000 BYTE), 
	"EVENT_CONT3" VARCHAR2(4000 BYTE), 
	"EVENT_DATE" DATE, 
	"EVENT_START" DATE, 
	"EVENT_END" DATE, 
	"EVENT_STATUS" VARCHAR2(100 BYTE), 
	"PRODUCT_NO" VARCHAR2(20 BYTE)
   ) SEGMENT CREATION IMMEDIATE 
  PCTFREE 10 PCTUSED 40 INITRANS 1 MAXTRANS 255 NOCOMPRESS LOGGING
  STORAGE(INITIAL 65536 NEXT 1048576 MINEXTENTS 1 MAXEXTENTS 2147483645
  PCTINCREASE 0 FREELISTS 1 FREELIST GROUPS 1 BUFFER_POOL DEFAULT FLASH_CACHE DEFAULT CELL_FLASH_CACHE DEFAULT)
  TABLESPACE "SYSTEM" ;
--------------------------------------------------------
--  DDL for Table PRODUCT
--------------------------------------------------------

  CREATE TABLE "PRODUCT" 
   (	"PRODUCT_NO" NUMBER(5,0), 
	"PRODUCT_NAME" VARCHAR2(100 BYTE), 
	"PRODUCT_CATEGORY" VARCHAR2(500 BYTE), 
	"PRODUCT_INTRODUCE1" VARCHAR2(100 BYTE), 
	"PRODUCT_INTRODUCE2" VARCHAR2(100 BYTE), 
	"PRODUCT_COMPANY" VARCHAR2(200 BYTE), 
	"PRODUCT_ALCOHOL" NUMBER(2,0), 
	"PRODUCT_DOSU" VARCHAR2(30 BYTE), 
	"PRODUCT_SWEET" VARCHAR2(30 BYTE), 
	"PRODUCT_ACIDITY" VARCHAR2(30 BYTE), 
	"PRODUCT_SODA" VARCHAR2(30 BYTE), 
	"PRODUCT_MATERIAL" VARCHAR2(30 BYTE), 
	"PRODUCT_PRICE" NUMBER(10,0), 
	"PRODUCT_STOCK" NUMBER(5,0), 
	"PRODUCT_POINT" NUMBER(10,0), 
	"PRODUCT_THUMBNAIL" VARCHAR2(500 BYTE), 
	"PRODUCT_STATUS" VARCHAR2(100 BYTE) DEFAULT '판매', 
	"PRODUCT_DATE" DATE, 
	"PRODUCT_AMOUNT" NUMBER(5,0)
   ) SEGMENT CREATION IMMEDIATE 
  PCTFREE 10 PCTUSED 40 INITRANS 1 MAXTRANS 255 NOCOMPRESS LOGGING
  STORAGE(INITIAL 65536 NEXT 1048576 MINEXTENTS 1 MAXEXTENTS 2147483645
  PCTINCREASE 0 FREELISTS 1 FREELIST GROUPS 1 BUFFER_POOL DEFAULT FLASH_CACHE DEFAULT CELL_FLASH_CACHE DEFAULT)
  TABLESPACE "SYSTEM" ;
--------------------------------------------------------
--  DDL for Table PRODUCT_CATEGORY
--------------------------------------------------------

  CREATE TABLE "PRODUCT_CATEGORY" 
   (	"PRODUCT_CATEGORY" VARCHAR2(500 BYTE)
   ) SEGMENT CREATION IMMEDIATE 
  PCTFREE 10 PCTUSED 40 INITRANS 1 MAXTRANS 255 NOCOMPRESS LOGGING
  STORAGE(INITIAL 65536 NEXT 1048576 MINEXTENTS 1 MAXEXTENTS 2147483645
  PCTINCREASE 0 FREELISTS 1 FREELIST GROUPS 1 BUFFER_POOL DEFAULT FLASH_CACHE DEFAULT CELL_FLASH_CACHE DEFAULT)
  TABLESPACE "SYSTEM" ;
--------------------------------------------------------
--  DDL for Table PRODUCT_CONTENT
--------------------------------------------------------

  CREATE TABLE "PRODUCT_CONTENT" 
   (	"PRODUCT_NO" NUMBER(5,0), 
	"PRODUCT_FILE1" VARCHAR2(500 BYTE), 
	"PRODUCT_FILE2" VARCHAR2(500 BYTE), 
	"PRODUCT_FILE3" VARCHAR2(500 BYTE), 
	"PRODUCT_FILE4" VARCHAR2(500 BYTE), 
	"PRODUCT_FILE5" VARCHAR2(500 BYTE), 
	"PRODUCT_CONT1" VARCHAR2(4000 BYTE), 
	"PRODUCT_CONT2" VARCHAR2(4000 BYTE), 
	"PRODUCT_CONT3" VARCHAR2(4000 BYTE), 
	"PRODUCT_CONT4" VARCHAR2(4000 BYTE), 
	"PRODUCT_CONT5" VARCHAR2(4000 BYTE)
   ) SEGMENT CREATION IMMEDIATE 
  PCTFREE 10 PCTUSED 40 INITRANS 1 MAXTRANS 255 NOCOMPRESS LOGGING
  STORAGE(INITIAL 65536 NEXT 1048576 MINEXTENTS 1 MAXEXTENTS 2147483645
  PCTINCREASE 0 FREELISTS 1 FREELIST GROUPS 1 BUFFER_POOL DEFAULT FLASH_CACHE DEFAULT CELL_FLASH_CACHE DEFAULT)
  TABLESPACE "SYSTEM" ;
--------------------------------------------------------
--  DDL for Table REVIEW
--------------------------------------------------------

  CREATE TABLE "REVIEW" 
   (	"REVIEW_NO" NUMBER(5,0), 
	"REVIEW_TITLE" VARCHAR2(1000 BYTE), 
	"REVIEW_CONT" VARCHAR2(4000 BYTE), 
	"REVIEW_FILE" VARCHAR2(4000 BYTE), 
	"REVIEW_STAR" NUMBER(3,1) DEFAULT 0, 
	"REVIEW_DATE" DATE, 
	"USER_ID" VARCHAR2(100 BYTE), 
	"PRODUCT_NO" NUMBER(5,0), 
	"ORDER_NO" NUMBER(5,0)
   ) SEGMENT CREATION IMMEDIATE 
  PCTFREE 10 PCTUSED 40 INITRANS 1 MAXTRANS 255 NOCOMPRESS LOGGING
  STORAGE(INITIAL 65536 NEXT 1048576 MINEXTENTS 1 MAXEXTENTS 2147483645
  PCTINCREASE 0 FREELISTS 1 FREELIST GROUPS 1 BUFFER_POOL DEFAULT FLASH_CACHE DEFAULT CELL_FLASH_CACHE DEFAULT)
  TABLESPACE "SYSTEM" ;
--------------------------------------------------------
--  DDL for Table SUB_USER_STATUS
--------------------------------------------------------

  CREATE TABLE "SUB_USER_STATUS" 
   (	"SUB_NO" NUMBER(5,0), 
	"USER_STATUS" VARCHAR2(30 BYTE), 
	"USER_ID" VARCHAR2(100 BYTE)
   ) SEGMENT CREATION IMMEDIATE 
  PCTFREE 10 PCTUSED 40 INITRANS 1 MAXTRANS 255 NOCOMPRESS LOGGING
  STORAGE(INITIAL 65536 NEXT 1048576 MINEXTENTS 1 MAXEXTENTS 2147483645
  PCTINCREASE 0 FREELISTS 1 FREELIST GROUPS 1 BUFFER_POOL DEFAULT FLASH_CACHE DEFAULT CELL_FLASH_CACHE DEFAULT)
  TABLESPACE "SYSTEM" ;
--------------------------------------------------------
--  DDL for Table SUBSCRIBE
--------------------------------------------------------

  CREATE TABLE "SUBSCRIBE" 
   (	"SUB_NO" NUMBER(5,0), 
	"SUB_PACKAGE" VARCHAR2(1000 BYTE), 
	"SUB_DATE" DATE, 
	"PRODUCT_NO" NUMBER(5,0), 
	"SUB_IMAGE" VARCHAR2(1000 BYTE), 
	"SUB_ENDDATE" DATE, 
	"SUB_STATUS" VARCHAR2(100 BYTE), 
	"SUB_PACKAGE_NO" NUMBER(5,0), 
	"SUB_PRICE" NUMBER(10,0)
   ) SEGMENT CREATION IMMEDIATE 
  PCTFREE 10 PCTUSED 40 INITRANS 1 MAXTRANS 255 NOCOMPRESS LOGGING
  STORAGE(INITIAL 65536 NEXT 1048576 MINEXTENTS 1 MAXEXTENTS 2147483645
  PCTINCREASE 0 FREELISTS 1 FREELIST GROUPS 1 BUFFER_POOL DEFAULT FLASH_CACHE DEFAULT CELL_FLASH_CACHE DEFAULT)
  TABLESPACE "SYSTEM" ;
--------------------------------------------------------
--  DDL for Table SUBSCRIBE_USER
--------------------------------------------------------

  CREATE TABLE "SUBSCRIBE_USER" 
   (	"SUB_NO" NUMBER(5,0), 
	"SUB_START" DATE, 
	"SUB_END" DATE, 
	"USER_STATUS" VARCHAR2(30 BYTE) DEFAULT '진행', 
	"USER_ID" VARCHAR2(100 BYTE), 
	"SUB_PACKAGE" VARCHAR2(1000 BYTE), 
	"DELI_NO" NUMBER(5,0)
   ) SEGMENT CREATION IMMEDIATE 
  PCTFREE 10 PCTUSED 40 INITRANS 1 MAXTRANS 255 NOCOMPRESS LOGGING
  STORAGE(INITIAL 65536 NEXT 1048576 MINEXTENTS 1 MAXEXTENTS 2147483645
  PCTINCREASE 0 FREELISTS 1 FREELIST GROUPS 1 BUFFER_POOL DEFAULT FLASH_CACHE DEFAULT CELL_FLASH_CACHE DEFAULT)
  TABLESPACE "SYSTEM" ;
--------------------------------------------------------
--  DDL for Table TB_ORDER
--------------------------------------------------------

  CREATE TABLE "TB_ORDER" 
   (	"ORDER_NO" NUMBER(5,0), 
	"ORDER_STATUS" VARCHAR2(50 BYTE) DEFAULT '주문 완료', 
	"ORDER_DATE" DATE, 
	"USER_ID" VARCHAR2(100 BYTE), 
	"PRODUCT_NO" NUMBER(5,0), 
	"ORDER_AMOUNT" NUMBER(2,0), 
	"ORDER_PACKAGE" NUMBER(4,0), 
	"DELI_NO" NUMBER(5,0)
   ) SEGMENT CREATION IMMEDIATE 
  PCTFREE 10 PCTUSED 40 INITRANS 1 MAXTRANS 255 NOCOMPRESS LOGGING
  STORAGE(INITIAL 65536 NEXT 1048576 MINEXTENTS 1 MAXEXTENTS 2147483645
  PCTINCREASE 0 FREELISTS 1 FREELIST GROUPS 1 BUFFER_POOL DEFAULT FLASH_CACHE DEFAULT CELL_FLASH_CACHE DEFAULT)
  TABLESPACE "SYSTEM" ;
--------------------------------------------------------
--  DDL for Table TB_USER
--------------------------------------------------------

  CREATE TABLE "TB_USER" 
   (	"USER_ID" VARCHAR2(100 BYTE), 
	"USER_PWD" VARCHAR2(100 BYTE), 
	"USER_EMAIL" VARCHAR2(300 BYTE), 
	"USER_NAME" VARCHAR2(100 BYTE), 
	"USER_JUMIN1" NUMBER(7,0), 
	"USER_ADDR1" VARCHAR2(1000 BYTE) DEFAULT 0, 
	"USER_PHONE1" VARCHAR2(15 BYTE), 
	"USER_POINT" NUMBER(10,0) DEFAULT 0, 
	"USER_DATE" DATE, 
	"USER_LEAVE" NUMBER(1,0) DEFAULT 1, 
	"USER_JUMIN2" NUMBER(10,0) DEFAULT '0', 
	"USER_PHONE2" VARCHAR2(15 BYTE) DEFAULT '0', 
	"USER_PHONE3" VARCHAR2(15 BYTE) DEFAULT '0', 
	"USER_ADDR2" VARCHAR2(1000 BYTE) DEFAULT 0, 
	"USER_ZIPCODE1" VARCHAR2(10 BYTE), 
	"USER_NO" NUMBER(10,0)
   ) SEGMENT CREATION IMMEDIATE 
  PCTFREE 10 PCTUSED 40 INITRANS 1 MAXTRANS 255 NOCOMPRESS LOGGING
  STORAGE(INITIAL 65536 NEXT 1048576 MINEXTENTS 1 MAXEXTENTS 2147483645
  PCTINCREASE 0 FREELISTS 1 FREELIST GROUPS 1 BUFFER_POOL DEFAULT FLASH_CACHE DEFAULT CELL_FLASH_CACHE DEFAULT)
  TABLESPACE "SYSTEM" ;
REM INSERTING into CART
SET DEFINE OFF;
Insert into CART (CART_NO,CART_AMOUNT,CART_DATE,USER_ID,PRODUCT_NO) values (5,1,to_date('22/12/28','RR/MM/DD'),'dudgns08',78);
Insert into CART (CART_NO,CART_AMOUNT,CART_DATE,USER_ID,PRODUCT_NO) values (3,1,to_date('22/12/23','RR/MM/DD'),'jointest3',15);
REM INSERTING into DELIVERY
SET DEFINE OFF;
Insert into DELIVERY (DELI_ZIPCODE,DELI_ADDR1,DELI_ADDR2,USER_ID,DELI_DEFAULT,DELI_NAME,DELI_PHONE1,DELI_PHONE2,DELI_PHONE3,DELI_NO) values ('13494','경기 성남시 분당구 판교역로 235 (삼평동)','어딘데?','ok123',0,'배송지2','010','1111','1234',5);
Insert into DELIVERY (DELI_ZIPCODE,DELI_ADDR1,DELI_ADDR2,USER_ID,DELI_DEFAULT,DELI_NAME,DELI_PHONE1,DELI_PHONE2,DELI_PHONE3,DELI_NO) values (null,null,null,'deli1',1,null,'010','1234','4564',8);
Insert into DELIVERY (DELI_ZIPCODE,DELI_ADDR1,DELI_ADDR2,USER_ID,DELI_DEFAULT,DELI_NAME,DELI_PHONE1,DELI_PHONE2,DELI_PHONE3,DELI_NO) values ('01799','서울 노원구 노원로 58 (공릉동, 우방아파트)','401동 101호','ok123',0,'배송지','010','2222','2345',7);
Insert into DELIVERY (DELI_ZIPCODE,DELI_ADDR1,DELI_ADDR2,USER_ID,DELI_DEFAULT,DELI_NAME,DELI_PHONE1,DELI_PHONE2,DELI_PHONE3,DELI_NO) values ('13607','경기 성남시 분당구 내정로 54 (정자동, 한솔마을주공6단지아파트)','어디지','ok123',1,'기본배송지','010','3333','3456',6);
Insert into DELIVERY (DELI_ZIPCODE,DELI_ADDR1,DELI_ADDR2,USER_ID,DELI_DEFAULT,DELI_NAME,DELI_PHONE1,DELI_PHONE2,DELI_PHONE3,DELI_NO) values ('11354','경기 동두천시 중앙로33번길 9-14 (송내동)','dj펠리체','test',0,'기본배송지','010','1234','5678',1);
Insert into DELIVERY (DELI_ZIPCODE,DELI_ADDR1,DELI_ADDR2,USER_ID,DELI_DEFAULT,DELI_NAME,DELI_PHONE1,DELI_PHONE2,DELI_PHONE3,DELI_NO) values (null,null,null,'fintest1',1,null,'010','bfbf','fbf',9);
Insert into DELIVERY (DELI_ZIPCODE,DELI_ADDR1,DELI_ADDR2,USER_ID,DELI_DEFAULT,DELI_NAME,DELI_PHONE1,DELI_PHONE2,DELI_PHONE3,DELI_NO) values (null,null,null,'final123',1,null,'010','ssssssssss','ssssssssss',10);
Insert into DELIVERY (DELI_ZIPCODE,DELI_ADDR1,DELI_ADDR2,USER_ID,DELI_DEFAULT,DELI_NAME,DELI_PHONE1,DELI_PHONE2,DELI_PHONE3,DELI_NO) values ('03155','서울 종로구 종로3길 17 (청진동)','1층 101호','1222yj',1,null,'010','1234','5678',11);
Insert into DELIVERY (DELI_ZIPCODE,DELI_ADDR1,DELI_ADDR2,USER_ID,DELI_DEFAULT,DELI_NAME,DELI_PHONE1,DELI_PHONE2,DELI_PHONE3,DELI_NO) values (null,null,null,'jointest12',1,null,'010','1234','12345',12);
Insert into DELIVERY (DELI_ZIPCODE,DELI_ADDR1,DELI_ADDR2,USER_ID,DELI_DEFAULT,DELI_NAME,DELI_PHONE1,DELI_PHONE2,DELI_PHONE3,DELI_NO) values ('06073','서울 강남구 영동대로131길 26 (청담동)',null,'jointest3',1,null,'011','8718','2222222222',13);
Insert into DELIVERY (DELI_ZIPCODE,DELI_ADDR1,DELI_ADDR2,USER_ID,DELI_DEFAULT,DELI_NAME,DELI_PHONE1,DELI_PHONE2,DELI_PHONE3,DELI_NO) values ('11022','경기 연천군 청산면 순욱길 17','순욱길 어딘가','test',1,'배송지','010','1234','1234',3);
Insert into DELIVERY (DELI_ZIPCODE,DELI_ADDR1,DELI_ADDR2,USER_ID,DELI_DEFAULT,DELI_NAME,DELI_PHONE1,DELI_PHONE2,DELI_PHONE3,DELI_NO) values ('01914','서울 노원구 화랑로 349 (월계동)','1층','flower12',1,null,'010','8282','4885',14);
Insert into DELIVERY (DELI_ZIPCODE,DELI_ADDR1,DELI_ADDR2,USER_ID,DELI_DEFAULT,DELI_NAME,DELI_PHONE1,DELI_PHONE2,DELI_PHONE3,DELI_NO) values ('01778','서울 노원구 동일로207길 17 (중계동, 중계그린아파트)','에 살까요?','swalte2',1,null,'010','4444','4567',4);
Insert into DELIVERY (DELI_ZIPCODE,DELI_ADDR1,DELI_ADDR2,USER_ID,DELI_DEFAULT,DELI_NAME,DELI_PHONE1,DELI_PHONE2,DELI_PHONE3,DELI_NO) values ('05088','서울 광진구 동일로 10 (자양동)','1층','rerete12',1,null,'010','87182','12344',17);
Insert into DELIVERY (DELI_ZIPCODE,DELI_ADDR1,DELI_ADDR2,USER_ID,DELI_DEFAULT,DELI_NAME,DELI_PHONE1,DELI_PHONE2,DELI_PHONE3,DELI_NO) values ('13494','경기 성남시 분당구 대왕판교로 670 (삼평동)','유스페이스2','test',0,'전화번호','010','1234','1222',2);
Insert into DELIVERY (DELI_ZIPCODE,DELI_ADDR1,DELI_ADDR2,USER_ID,DELI_DEFAULT,DELI_NAME,DELI_PHONE1,DELI_PHONE2,DELI_PHONE3,DELI_NO) values ('01799','서울 노원구 노원로 58 (공릉동, 우방아파트)','401동','pigmun2',1,'뭔소리야','010','4016','3015',18);
Insert into DELIVERY (DELI_ZIPCODE,DELI_ADDR1,DELI_ADDR2,USER_ID,DELI_DEFAULT,DELI_NAME,DELI_PHONE1,DELI_PHONE2,DELI_PHONE3,DELI_NO) values ('04108','서울 마포구 노고산동 31-158 ','노고산빌딩 101호','lee123',1,'우리집','010','4016','3015',15);
Insert into DELIVERY (DELI_ZIPCODE,DELI_ADDR1,DELI_ADDR2,USER_ID,DELI_DEFAULT,DELI_NAME,DELI_PHONE1,DELI_PHONE2,DELI_PHONE3,DELI_NO) values (null,null,null,'test12s',1,null,'010','8718','1234',16);
Insert into DELIVERY (DELI_ZIPCODE,DELI_ADDR1,DELI_ADDR2,USER_ID,DELI_DEFAULT,DELI_NAME,DELI_PHONE1,DELI_PHONE2,DELI_PHONE3,DELI_NO) values ('01302','서울 도봉구 도봉동 557-18 ','삼원맨션 가동 302호','dudgns08',1,'집','010','5521','3161',19);
Insert into DELIVERY (DELI_ZIPCODE,DELI_ADDR1,DELI_ADDR2,USER_ID,DELI_DEFAULT,DELI_NAME,DELI_PHONE1,DELI_PHONE2,DELI_PHONE3,DELI_NO) values ('01775','서울 노원구 동일로207길 186 (하계동, 학여울청구아파트)','14층','drunkyj87',1,null,'010','1234','5678',20);
Insert into DELIVERY (DELI_ZIPCODE,DELI_ADDR1,DELI_ADDR2,USER_ID,DELI_DEFAULT,DELI_NAME,DELI_PHONE1,DELI_PHONE2,DELI_PHONE3,DELI_NO) values ('04595','서울 중구 다산로 32 (신당동, 남산타운)','113-501','koko4885',1,null,'010','4937','2833',21);
Insert into DELIVERY (DELI_ZIPCODE,DELI_ADDR1,DELI_ADDR2,USER_ID,DELI_DEFAULT,DELI_NAME,DELI_PHONE1,DELI_PHONE2,DELI_PHONE3,DELI_NO) values ('04352','서울 용산구 한강대로76길 21-15 (남영동)','401','kky1114',1,'집','010','5654','0265',22);
Insert into DELIVERY (DELI_ZIPCODE,DELI_ADDR1,DELI_ADDR2,USER_ID,DELI_DEFAULT,DELI_NAME,DELI_PHONE1,DELI_PHONE2,DELI_PHONE3,DELI_NO) values ('02248','서울 중랑구 동일로 465 (면목동)','1층','testyj01',1,'어디게','02','1234','625148',23);
Insert into DELIVERY (DELI_ZIPCODE,DELI_ADDR1,DELI_ADDR2,USER_ID,DELI_DEFAULT,DELI_NAME,DELI_PHONE1,DELI_PHONE2,DELI_PHONE3,DELI_NO) values ('14548','경기 부천시 길주로 300 (중동)','1층','drunkyj88',1,null,'010','1234','5678',24);
Insert into DELIVERY (DELI_ZIPCODE,DELI_ADDR1,DELI_ADDR2,USER_ID,DELI_DEFAULT,DELI_NAME,DELI_PHONE1,DELI_PHONE2,DELI_PHONE3,DELI_NO) values ('03154','서울 종로구 종로 1 (종로1가)','1층','drunkyj89',1,null,'010','8718','1234',25);
Insert into DELIVERY (DELI_ZIPCODE,DELI_ADDR1,DELI_ADDR2,USER_ID,DELI_DEFAULT,DELI_NAME,DELI_PHONE1,DELI_PHONE2,DELI_PHONE3,DELI_NO) values ('04540','서울 중구 남대문로 120 (남대문로1가)','대원빌딩 2층','dudgns08',0,'학원','010','5521','3161',26);
Insert into DELIVERY (DELI_ZIPCODE,DELI_ADDR1,DELI_ADDR2,USER_ID,DELI_DEFAULT,DELI_NAME,DELI_PHONE1,DELI_PHONE2,DELI_PHONE3,DELI_NO) values ('04352','서울 용산구 한강대로76길 21-15 (남영동)','경령이네 ^^','test1234',1,null,'010','1234','5678',27);
Insert into DELIVERY (DELI_ZIPCODE,DELI_ADDR1,DELI_ADDR2,USER_ID,DELI_DEFAULT,DELI_NAME,DELI_PHONE1,DELI_PHONE2,DELI_PHONE3,DELI_NO) values ('01302','서울 도봉구 도봉산3길 17-15 (도봉동)','돼지','impig12',1,'기본 배송지','010','5521','3161',28);
Insert into DELIVERY (DELI_ZIPCODE,DELI_ADDR1,DELI_ADDR2,USER_ID,DELI_DEFAULT,DELI_NAME,DELI_PHONE1,DELI_PHONE2,DELI_PHONE3,DELI_NO) values ('01799','서울 노원구 노원로 58 (공릉동, 우방아파트)','401동 ','test1',1,'기본 배송지','010','1234','1234',29);
REM INSERTING into EVENT
SET DEFINE OFF;
Insert into EVENT (EVENT_NO,EVENT_THUMBNAIL,EVENT_FILE1,EVENT_FILE2,EVENT_FILE3,EVENT_CONT1,EVENT_CONT2,EVENT_CONT3,EVENT_DATE,EVENT_START,EVENT_END,EVENT_STATUS,PRODUCT_NO) values (2,'event1.png','막쿠르트이벤트1.jpg','막쿠르트이벤트2.jpg','막쿠르트이벤트3.jpg','정말 인기 많았던 상품 !!


막쿠르트~


맛있는~  막쿠르트~ ','야구르트와 막걸리의 기가 막힌 만남 !!!   

막쿠르트 WEEK 

막쿠르트를 막 맛있게 즐겨보세요 ','구수함과 새콤달콤한 맛이 한번에??


매운음식과 정말 잘어울려요!!


지금 바로 구매하세요 ',to_date('22/12/22','RR/MM/DD'),to_date('22/12/22','RR/MM/DD'),to_date('23/01/12','RR/MM/DD'),'진행중','1');
Insert into EVENT (EVENT_NO,EVENT_THUMBNAIL,EVENT_FILE1,EVENT_FILE2,EVENT_FILE3,EVENT_CONT1,EVENT_CONT2,EVENT_CONT3,EVENT_DATE,EVENT_START,EVENT_END,EVENT_STATUS,PRODUCT_NO) values (1,'event2.png','contents_images-1626677187168-나루생막걸리11.5-4.jpg','contents_images-1626677198815-나루생막걸리11.5-3.jpg','contents_images-1626677206289-나루생막걸리11.5-2.jpg',' 나루 생 막걸리


기름진 음식과 함께한다면


''나루 11.5도''가 느끼함을 싹~ 잡아줍니다  ','  아이 맛있어~~ 


보쌈과 함께 ''나루 생 막걸리 11.5도'' 를 즐겨보세요


보쌈과 잘 어울리는 술 입니다.  ','  ''나루 생 막걸리 11.5도'' 가 입고되었습니다 !!! 


 어디서도 볼 수 없는 술


지금 바로 술래잡기에서 주문하세요  ',to_date('22/12/22','RR/MM/DD'),to_date('22/12/16','RR/MM/DD'),to_date('23/01/06','RR/MM/DD'),'진행중','21');
REM INSERTING into PRODUCT
SET DEFINE OFF;
Insert into PRODUCT (PRODUCT_NO,PRODUCT_NAME,PRODUCT_CATEGORY,PRODUCT_INTRODUCE1,PRODUCT_INTRODUCE2,PRODUCT_COMPANY,PRODUCT_ALCOHOL,PRODUCT_DOSU,PRODUCT_SWEET,PRODUCT_ACIDITY,PRODUCT_SODA,PRODUCT_MATERIAL,PRODUCT_PRICE,PRODUCT_STOCK,PRODUCT_POINT,PRODUCT_THUMBNAIL,PRODUCT_STATUS,PRODUCT_DATE,PRODUCT_AMOUNT) values (8,'나주 배 약주','chungju','2200시간의 기다림','은은한 단맛의 배 약주','나주양조',15,'middle','middle','low','nosoda','fruit',18000,30,180,'H34x-1650013763688-1.jpg','판매중지',to_date('22/12/14','RR/MM/DD'),500);
Insert into PRODUCT (PRODUCT_NO,PRODUCT_NAME,PRODUCT_CATEGORY,PRODUCT_INTRODUCE1,PRODUCT_INTRODUCE2,PRODUCT_COMPANY,PRODUCT_ALCOHOL,PRODUCT_DOSU,PRODUCT_SWEET,PRODUCT_ACIDITY,PRODUCT_SODA,PRODUCT_MATERIAL,PRODUCT_PRICE,PRODUCT_STOCK,PRODUCT_POINT,PRODUCT_THUMBNAIL,PRODUCT_STATUS,PRODUCT_DATE,PRODUCT_AMOUNT) values (9,'동백꽃, 제주','wine','청포도를 먹는듯한 달콤함','칵테일로도 즐겨보세요','제주동백',16,'middle','middle','low','low','fruit',12000,50,120,'WTj2-1629257790790-동백꽃,제주-1.jpg','판매중지',to_date('22/12/15','RR/MM/DD'),365);
Insert into PRODUCT (PRODUCT_NO,PRODUCT_NAME,PRODUCT_CATEGORY,PRODUCT_INTRODUCE1,PRODUCT_INTRODUCE2,PRODUCT_COMPANY,PRODUCT_ALCOHOL,PRODUCT_DOSU,PRODUCT_SWEET,PRODUCT_ACIDITY,PRODUCT_SODA,PRODUCT_MATERIAL,PRODUCT_PRICE,PRODUCT_STOCK,PRODUCT_POINT,PRODUCT_THUMBNAIL,PRODUCT_STATUS,PRODUCT_DATE,PRODUCT_AMOUNT) values (12,'나루 생 막걸리 6%','takju','시원한 참외 향','깔끔한 단맛','한강주조',6,'low','high','low','nosoda','fruit',7000,40,70,'zOKe-1626677243880-나루생막걸리6-4_썸네일.jpg','판매',to_date('22/12/20','RR/MM/DD'),935);
Insert into PRODUCT (PRODUCT_NO,PRODUCT_NAME,PRODUCT_CATEGORY,PRODUCT_INTRODUCE1,PRODUCT_INTRODUCE2,PRODUCT_COMPANY,PRODUCT_ALCOHOL,PRODUCT_DOSU,PRODUCT_SWEET,PRODUCT_ACIDITY,PRODUCT_SODA,PRODUCT_MATERIAL,PRODUCT_PRICE,PRODUCT_STOCK,PRODUCT_POINT,PRODUCT_THUMBNAIL,PRODUCT_STATUS,PRODUCT_DATE,PRODUCT_AMOUNT) values (10,'백련 미스티 살균 막걸리','takju','연꽃이 들어간 살균 막걸리','하얀 연꽃이 들어갔어요','신평양조장',7,'low','middle','low','nosoda','flower',4500,20,45,'AKFJ-1631681155244-백련+미스티.jpg','판매',to_date('22/12/20','RR/MM/DD'),375);
Insert into PRODUCT (PRODUCT_NO,PRODUCT_NAME,PRODUCT_CATEGORY,PRODUCT_INTRODUCE1,PRODUCT_INTRODUCE2,PRODUCT_COMPANY,PRODUCT_ALCOHOL,PRODUCT_DOSU,PRODUCT_SWEET,PRODUCT_ACIDITY,PRODUCT_SODA,PRODUCT_MATERIAL,PRODUCT_PRICE,PRODUCT_STOCK,PRODUCT_POINT,PRODUCT_THUMBNAIL,PRODUCT_STATUS,PRODUCT_DATE,PRODUCT_AMOUNT) values (11,'술취한 원숭이','takju','홈파티를 빛낼 술','우도주막, 로제막걸리!','술샘',11,'middle','middle','low','nosoda','nut',9000,19,90,'Gt8e-1623070755884-술취한원숭이-5.jpg','판매',to_date('22/12/20','RR/MM/DD'),375);
Insert into PRODUCT (PRODUCT_NO,PRODUCT_NAME,PRODUCT_CATEGORY,PRODUCT_INTRODUCE1,PRODUCT_INTRODUCE2,PRODUCT_COMPANY,PRODUCT_ALCOHOL,PRODUCT_DOSU,PRODUCT_SWEET,PRODUCT_ACIDITY,PRODUCT_SODA,PRODUCT_MATERIAL,PRODUCT_PRICE,PRODUCT_STOCK,PRODUCT_POINT,PRODUCT_THUMBNAIL,PRODUCT_STATUS,PRODUCT_DATE,PRODUCT_AMOUNT) values (4,'붉은 원숭이','takju','색소도 안넣었는데 붉은색이?','부드럽고 달콤해요','술샘',11,'middle','middle','low','nosoda','nut',9000,0,90,'Ks1k-1623070946647-붉은원숭이-4.jpg','품절',to_date('22/12/05','RR/MM/DD'),375);
Insert into PRODUCT (PRODUCT_NO,PRODUCT_NAME,PRODUCT_CATEGORY,PRODUCT_INTRODUCE1,PRODUCT_INTRODUCE2,PRODUCT_COMPANY,PRODUCT_ALCOHOL,PRODUCT_DOSU,PRODUCT_SWEET,PRODUCT_ACIDITY,PRODUCT_SODA,PRODUCT_MATERIAL,PRODUCT_PRICE,PRODUCT_STOCK,PRODUCT_POINT,PRODUCT_THUMBNAIL,PRODUCT_STATUS,PRODUCT_DATE,PRODUCT_AMOUNT) values (13,'바텐더의 막걸리','takju','칵테일 전용 막걸리','레시피 카드와 함께','농업회사법인 술담화 주식회사',14,'middle','middle','high','nosoda','nut',9000,25,90,'j7uD-1656061340455-BM.jpg','판매',to_date('22/12/20','RR/MM/DD'),500);
Insert into PRODUCT (PRODUCT_NO,PRODUCT_NAME,PRODUCT_CATEGORY,PRODUCT_INTRODUCE1,PRODUCT_INTRODUCE2,PRODUCT_COMPANY,PRODUCT_ALCOHOL,PRODUCT_DOSU,PRODUCT_SWEET,PRODUCT_ACIDITY,PRODUCT_SODA,PRODUCT_MATERIAL,PRODUCT_PRICE,PRODUCT_STOCK,PRODUCT_POINT,PRODUCT_THUMBNAIL,PRODUCT_STATUS,PRODUCT_DATE,PRODUCT_AMOUNT) values (14,'술공방 9.0','takju','새콤달콤','충남술','아리랑주조',9,'middle','low','high','nosoda','fruit',5000,14,50,'JuZY-1659320790308-0.jpg','판매',to_date('22/12/20','RR/MM/DD'),500);
Insert into PRODUCT (PRODUCT_NO,PRODUCT_NAME,PRODUCT_CATEGORY,PRODUCT_INTRODUCE1,PRODUCT_INTRODUCE2,PRODUCT_COMPANY,PRODUCT_ALCOHOL,PRODUCT_DOSU,PRODUCT_SWEET,PRODUCT_ACIDITY,PRODUCT_SODA,PRODUCT_MATERIAL,PRODUCT_PRICE,PRODUCT_STOCK,PRODUCT_POINT,PRODUCT_THUMBNAIL,PRODUCT_STATUS,PRODUCT_DATE,PRODUCT_AMOUNT) values (15,'삼양춘 탁주','takju','맛 밸런스 최강','고급술에 붙는 ''춘''','송도향',12,'middle','middle','low','nosoda','nut',12800,19,128,'lYo2-1657767149603-00.jpg','판매',to_date('22/12/20','RR/MM/DD'),500);
Insert into PRODUCT (PRODUCT_NO,PRODUCT_NAME,PRODUCT_CATEGORY,PRODUCT_INTRODUCE1,PRODUCT_INTRODUCE2,PRODUCT_COMPANY,PRODUCT_ALCOHOL,PRODUCT_DOSU,PRODUCT_SWEET,PRODUCT_ACIDITY,PRODUCT_SODA,PRODUCT_MATERIAL,PRODUCT_PRICE,PRODUCT_STOCK,PRODUCT_POINT,PRODUCT_THUMBNAIL,PRODUCT_STATUS,PRODUCT_DATE,PRODUCT_AMOUNT) values (16,'담은','takju','입안을 가득 채우는 푸근함','카페라떼처럼 부드러운','포천일동막걸리',6,'low','high','low','nosoda','nut',11000,20,110,'R1o4-1657597732636-00.jpg','판매',to_date('22/12/21','RR/MM/DD'),750);
Insert into PRODUCT (PRODUCT_NO,PRODUCT_NAME,PRODUCT_CATEGORY,PRODUCT_INTRODUCE1,PRODUCT_INTRODUCE2,PRODUCT_COMPANY,PRODUCT_ALCOHOL,PRODUCT_DOSU,PRODUCT_SWEET,PRODUCT_ACIDITY,PRODUCT_SODA,PRODUCT_MATERIAL,PRODUCT_PRICE,PRODUCT_STOCK,PRODUCT_POINT,PRODUCT_THUMBNAIL,PRODUCT_STATUS,PRODUCT_DATE,PRODUCT_AMOUNT) values (17,'문삼이공 잣','takju','잣 향 가득','수제누룩','마마스팜',12,'middle','high','middle','nosoda','nut',20000,14,200,'RfNw-1661127479383-thumb.jpg','판매',to_date('22/12/21','RR/MM/DD'),500);
Insert into PRODUCT (PRODUCT_NO,PRODUCT_NAME,PRODUCT_CATEGORY,PRODUCT_INTRODUCE1,PRODUCT_INTRODUCE2,PRODUCT_COMPANY,PRODUCT_ALCOHOL,PRODUCT_DOSU,PRODUCT_SWEET,PRODUCT_ACIDITY,PRODUCT_SODA,PRODUCT_MATERIAL,PRODUCT_PRICE,PRODUCT_STOCK,PRODUCT_POINT,PRODUCT_THUMBNAIL,PRODUCT_STATUS,PRODUCT_DATE,PRODUCT_AMOUNT) values (18,'설하담','takju','시원한 배 향','깔끔한 단맛','설하담',7,'low','middle','middle','low','nut',11000,17,110,'NTGw-1618988709212-설하담1.jpg','판매',to_date('22/12/21','RR/MM/DD'),940);
Insert into PRODUCT (PRODUCT_NO,PRODUCT_NAME,PRODUCT_CATEGORY,PRODUCT_INTRODUCE1,PRODUCT_INTRODUCE2,PRODUCT_COMPANY,PRODUCT_ALCOHOL,PRODUCT_DOSU,PRODUCT_SWEET,PRODUCT_ACIDITY,PRODUCT_SODA,PRODUCT_MATERIAL,PRODUCT_PRICE,PRODUCT_STOCK,PRODUCT_POINT,PRODUCT_THUMBNAIL,PRODUCT_STATUS,PRODUCT_DATE,PRODUCT_AMOUNT) values (19,'오산 막걸리','takju','달지 않아요','담백한','오산양조',6,'low','low','low','nosoda','nut',4000,28,40,'HmCf-1656438760455-0.jpg','판매',to_date('22/12/21','RR/MM/DD'),500);
Insert into PRODUCT (PRODUCT_NO,PRODUCT_NAME,PRODUCT_CATEGORY,PRODUCT_INTRODUCE1,PRODUCT_INTRODUCE2,PRODUCT_COMPANY,PRODUCT_ALCOHOL,PRODUCT_DOSU,PRODUCT_SWEET,PRODUCT_ACIDITY,PRODUCT_SODA,PRODUCT_MATERIAL,PRODUCT_PRICE,PRODUCT_STOCK,PRODUCT_POINT,PRODUCT_THUMBNAIL,PRODUCT_STATUS,PRODUCT_DATE,PRODUCT_AMOUNT) values (20,'얼떨결에 퍼플','takju','라일락 빛깔','새콤달콤 포도 스파클링','동강주조',6,'low','middle','high','high','fruit',8300,15,83,'utRL-1643388270514-1jpg.jpg','판매',to_date('22/12/21','RR/MM/DD'),935);
Insert into PRODUCT (PRODUCT_NO,PRODUCT_NAME,PRODUCT_CATEGORY,PRODUCT_INTRODUCE1,PRODUCT_INTRODUCE2,PRODUCT_COMPANY,PRODUCT_ALCOHOL,PRODUCT_DOSU,PRODUCT_SWEET,PRODUCT_ACIDITY,PRODUCT_SODA,PRODUCT_MATERIAL,PRODUCT_PRICE,PRODUCT_STOCK,PRODUCT_POINT,PRODUCT_THUMBNAIL,PRODUCT_STATUS,PRODUCT_DATE,PRODUCT_AMOUNT) values (21,'나루 생 막걸리 11%','takju','걸쭉한 단맛','바나나와 참외향','한강주조',11,'middle','high','low','nosoda','nut',11000,13,110,'ll8F-1626677175641-나루생막걸리11.5-5_썸네일.jpg','판매',to_date('22/12/21','RR/MM/DD'),500);
Insert into PRODUCT (PRODUCT_NO,PRODUCT_NAME,PRODUCT_CATEGORY,PRODUCT_INTRODUCE1,PRODUCT_INTRODUCE2,PRODUCT_COMPANY,PRODUCT_ALCOHOL,PRODUCT_DOSU,PRODUCT_SWEET,PRODUCT_ACIDITY,PRODUCT_SODA,PRODUCT_MATERIAL,PRODUCT_PRICE,PRODUCT_STOCK,PRODUCT_POINT,PRODUCT_THUMBNAIL,PRODUCT_STATUS,PRODUCT_DATE,PRODUCT_AMOUNT) values (22,'담은 블랙','takju','달콤한 맛과 부드러운 질감','고소함은 덤','포천일동막걸리',6,'low','middle','low','nosoda','nut',15000,20,150,'LNfl-1651807247828-1.jpg','판매',to_date('22/12/21','RR/MM/DD'),750);
Insert into PRODUCT (PRODUCT_NO,PRODUCT_NAME,PRODUCT_CATEGORY,PRODUCT_INTRODUCE1,PRODUCT_INTRODUCE2,PRODUCT_COMPANY,PRODUCT_ALCOHOL,PRODUCT_DOSU,PRODUCT_SWEET,PRODUCT_ACIDITY,PRODUCT_SODA,PRODUCT_MATERIAL,PRODUCT_PRICE,PRODUCT_STOCK,PRODUCT_POINT,PRODUCT_THUMBNAIL,PRODUCT_STATUS,PRODUCT_DATE,PRODUCT_AMOUNT) values (23,'표문 막걸리','takju','깔끔한 목 넘김','거꾸로 하면 곰표','한강주조',6,'low','middle','middle','nosoda','nut',3500,18,35,'Qzzk-1660892348639-1.jpg','판매',to_date('22/12/21','RR/MM/DD'),500);
Insert into PRODUCT (PRODUCT_NO,PRODUCT_NAME,PRODUCT_CATEGORY,PRODUCT_INTRODUCE1,PRODUCT_INTRODUCE2,PRODUCT_COMPANY,PRODUCT_ALCOHOL,PRODUCT_DOSU,PRODUCT_SWEET,PRODUCT_ACIDITY,PRODUCT_SODA,PRODUCT_MATERIAL,PRODUCT_PRICE,PRODUCT_STOCK,PRODUCT_POINT,PRODUCT_THUMBNAIL,PRODUCT_STATUS,PRODUCT_DATE,PRODUCT_AMOUNT) values (24,'문삼이공 탁주','takju','수제누룩','무첨가','마마스팜',12,'middle','middle','high','nosoda','nut',16000,11,160,'TtMA-1661127602412-0.jpg','판매',to_date('22/12/21','RR/MM/DD'),500);
Insert into PRODUCT (PRODUCT_NO,PRODUCT_NAME,PRODUCT_CATEGORY,PRODUCT_INTRODUCE1,PRODUCT_INTRODUCE2,PRODUCT_COMPANY,PRODUCT_ALCOHOL,PRODUCT_DOSU,PRODUCT_SWEET,PRODUCT_ACIDITY,PRODUCT_SODA,PRODUCT_MATERIAL,PRODUCT_PRICE,PRODUCT_STOCK,PRODUCT_POINT,PRODUCT_THUMBNAIL,PRODUCT_STATUS,PRODUCT_DATE,PRODUCT_AMOUNT) values (25,'마크홀릭 오리지널 6.0','takju','시원한 참외향에 청량감은 up','마크홀리 너... 가상 인물이었어?','홀리워터',6,'low','high','low','nosoda','fruit',8000,14,80,'M6gR-1659058252071-1.jpg','판매',to_date('22/12/21','RR/MM/DD'),650);
Insert into PRODUCT (PRODUCT_NO,PRODUCT_NAME,PRODUCT_CATEGORY,PRODUCT_INTRODUCE1,PRODUCT_INTRODUCE2,PRODUCT_COMPANY,PRODUCT_ALCOHOL,PRODUCT_DOSU,PRODUCT_SWEET,PRODUCT_ACIDITY,PRODUCT_SODA,PRODUCT_MATERIAL,PRODUCT_PRICE,PRODUCT_STOCK,PRODUCT_POINT,PRODUCT_THUMBNAIL,PRODUCT_STATUS,PRODUCT_DATE,PRODUCT_AMOUNT) values (26,'시향가','takju','토란이 들어갔네','깔끔한 단맛','시향가',8,'middle','middle','low','nosoda','other',9000,12,90,'sLvd-1659320243466-0.jpg','판매',to_date('22/12/21','RR/MM/DD'),500);
Insert into PRODUCT (PRODUCT_NO,PRODUCT_NAME,PRODUCT_CATEGORY,PRODUCT_INTRODUCE1,PRODUCT_INTRODUCE2,PRODUCT_COMPANY,PRODUCT_ALCOHOL,PRODUCT_DOSU,PRODUCT_SWEET,PRODUCT_ACIDITY,PRODUCT_SODA,PRODUCT_MATERIAL,PRODUCT_PRICE,PRODUCT_STOCK,PRODUCT_POINT,PRODUCT_THUMBNAIL,PRODUCT_STATUS,PRODUCT_DATE,PRODUCT_AMOUNT) values (27,'마실꾸지','takju','눈길을 사로잡는 주홍빛','막걸리에서 이런 색감이?','밀양클래식술도가',7,'low','middle','middle','low','fruit',5000,11,50,'a7pq-1649400825257-1.jpg','판매',to_date('22/12/21','RR/MM/DD'),750);
Insert into PRODUCT (PRODUCT_NO,PRODUCT_NAME,PRODUCT_CATEGORY,PRODUCT_INTRODUCE1,PRODUCT_INTRODUCE2,PRODUCT_COMPANY,PRODUCT_ALCOHOL,PRODUCT_DOSU,PRODUCT_SWEET,PRODUCT_ACIDITY,PRODUCT_SODA,PRODUCT_MATERIAL,PRODUCT_PRICE,PRODUCT_STOCK,PRODUCT_POINT,PRODUCT_THUMBNAIL,PRODUCT_STATUS,PRODUCT_DATE,PRODUCT_AMOUNT) values (28,'분홍탁주 6%','takju','야생에서 자라는 돌배지만','술맛은 너무나도 깔끔한걸요','밀향',6,'low','middle','low','low','nut',12000,0,120,'TIIM-1649400725806-1.jpg','품절',to_date('22/12/21','RR/MM/DD'),750);
Insert into PRODUCT (PRODUCT_NO,PRODUCT_NAME,PRODUCT_CATEGORY,PRODUCT_INTRODUCE1,PRODUCT_INTRODUCE2,PRODUCT_COMPANY,PRODUCT_ALCOHOL,PRODUCT_DOSU,PRODUCT_SWEET,PRODUCT_ACIDITY,PRODUCT_SODA,PRODUCT_MATERIAL,PRODUCT_PRICE,PRODUCT_STOCK,PRODUCT_POINT,PRODUCT_THUMBNAIL,PRODUCT_STATUS,PRODUCT_DATE,PRODUCT_AMOUNT) values (29,'하얀 까마귀','takju','포근한 단맛','행운을 상징하는 하얀 까마귀','오산양조',8,'middle','high','middle','nosoda','nut',10000,13,100,'DPRL-1667135086777-white_1.jpg','판매',to_date('22/12/21','RR/MM/DD'),850);
Insert into PRODUCT (PRODUCT_NO,PRODUCT_NAME,PRODUCT_CATEGORY,PRODUCT_INTRODUCE1,PRODUCT_INTRODUCE2,PRODUCT_COMPANY,PRODUCT_ALCOHOL,PRODUCT_DOSU,PRODUCT_SWEET,PRODUCT_ACIDITY,PRODUCT_SODA,PRODUCT_MATERIAL,PRODUCT_PRICE,PRODUCT_STOCK,PRODUCT_POINT,PRODUCT_THUMBNAIL,PRODUCT_STATUS,PRODUCT_DATE,PRODUCT_AMOUNT) values (30,'고흥 유자주 8%','chungju','특별한 하루를 위하여','달콤한 유자향','어떤하루 by 녹동양조장',8,'middle','high','middle','nosoda','fruit',13000,16,130,'rC0W-1659321041025-0.jpg','판매',to_date('22/12/22','RR/MM/DD'),500);
Insert into PRODUCT (PRODUCT_NO,PRODUCT_NAME,PRODUCT_CATEGORY,PRODUCT_INTRODUCE1,PRODUCT_INTRODUCE2,PRODUCT_COMPANY,PRODUCT_ALCOHOL,PRODUCT_DOSU,PRODUCT_SWEET,PRODUCT_ACIDITY,PRODUCT_SODA,PRODUCT_MATERIAL,PRODUCT_PRICE,PRODUCT_STOCK,PRODUCT_POINT,PRODUCT_THUMBNAIL,PRODUCT_STATUS,PRODUCT_DATE,PRODUCT_AMOUNT) values (31,'동학 1957','chungju','구수한 쌀의 맛','담백한 맛 뒤 느껴지는 쌉쌀함','고헌정영농조합법인',13,'middle','low','high','nosoda','nut',3320,6,33,'TOnv-1655794504098-1.jpg','판매',to_date('22/12/22','RR/MM/DD'),375);
Insert into PRODUCT (PRODUCT_NO,PRODUCT_NAME,PRODUCT_CATEGORY,PRODUCT_INTRODUCE1,PRODUCT_INTRODUCE2,PRODUCT_COMPANY,PRODUCT_ALCOHOL,PRODUCT_DOSU,PRODUCT_SWEET,PRODUCT_ACIDITY,PRODUCT_SODA,PRODUCT_MATERIAL,PRODUCT_PRICE,PRODUCT_STOCK,PRODUCT_POINT,PRODUCT_THUMBNAIL,PRODUCT_STATUS,PRODUCT_DATE,PRODUCT_AMOUNT) values (32,'면천 두건주','chungju','국가 무형문화재','고려시대 약주','면천두견주보존회',18,'middle','high','low','nosoda','nut',25000,9,250,'Q9Hf-1655691627225-thumb.jpg','판매',to_date('22/12/22','RR/MM/DD'),360);
Insert into PRODUCT (PRODUCT_NO,PRODUCT_NAME,PRODUCT_CATEGORY,PRODUCT_INTRODUCE1,PRODUCT_INTRODUCE2,PRODUCT_COMPANY,PRODUCT_ALCOHOL,PRODUCT_DOSU,PRODUCT_SWEET,PRODUCT_ACIDITY,PRODUCT_SODA,PRODUCT_MATERIAL,PRODUCT_PRICE,PRODUCT_STOCK,PRODUCT_POINT,PRODUCT_THUMBNAIL,PRODUCT_STATUS,PRODUCT_DATE,PRODUCT_AMOUNT) values (33,'단상지교','chungju','누룩의 구수함','달짝지근','신탄진주조',16,'middle','high','middle','nosoda','nut',20000,16,200,'52FZ-1630317284690-dan0.jpg','판매',to_date('22/12/22','RR/MM/DD'),750);
Insert into PRODUCT (PRODUCT_NO,PRODUCT_NAME,PRODUCT_CATEGORY,PRODUCT_INTRODUCE1,PRODUCT_INTRODUCE2,PRODUCT_COMPANY,PRODUCT_ALCOHOL,PRODUCT_DOSU,PRODUCT_SWEET,PRODUCT_ACIDITY,PRODUCT_SODA,PRODUCT_MATERIAL,PRODUCT_PRICE,PRODUCT_STOCK,PRODUCT_POINT,PRODUCT_THUMBNAIL,PRODUCT_STATUS,PRODUCT_DATE,PRODUCT_AMOUNT) values (34,'서설','chungju','깔끔하고 맑은 맛','눈으로 술을 만들면 이런 맛일까?','술샘',13,'middle','low','low','nosoda','other',15000,11,150,'Ory7-1643382476623-1.jpg','판매',to_date('22/12/22','RR/MM/DD'),375);
Insert into PRODUCT (PRODUCT_NO,PRODUCT_NAME,PRODUCT_CATEGORY,PRODUCT_INTRODUCE1,PRODUCT_INTRODUCE2,PRODUCT_COMPANY,PRODUCT_ALCOHOL,PRODUCT_DOSU,PRODUCT_SWEET,PRODUCT_ACIDITY,PRODUCT_SODA,PRODUCT_MATERIAL,PRODUCT_PRICE,PRODUCT_STOCK,PRODUCT_POINT,PRODUCT_THUMBNAIL,PRODUCT_STATUS,PRODUCT_DATE,PRODUCT_AMOUNT) values (1,'막쿠르트','takju','야쿠르트와 막걸리의 만남','한국야쿠르트','한국야쿠르트',6,'low','high','high','low','other',13000,66,130,'fWO1-1668403134296-1Z7A1584.jpg','판매',to_date('22/12/05','RR/MM/DD'),450);
Insert into PRODUCT (PRODUCT_NO,PRODUCT_NAME,PRODUCT_CATEGORY,PRODUCT_INTRODUCE1,PRODUCT_INTRODUCE2,PRODUCT_COMPANY,PRODUCT_ALCOHOL,PRODUCT_DOSU,PRODUCT_SWEET,PRODUCT_ACIDITY,PRODUCT_SODA,PRODUCT_MATERIAL,PRODUCT_PRICE,PRODUCT_STOCK,PRODUCT_POINT,PRODUCT_THUMBNAIL,PRODUCT_STATUS,PRODUCT_DATE,PRODUCT_AMOUNT) values (2,'우주멜론미','takju','병째로 들이키고 싶은','청량감 넘치는 스파클링 막걸리','시향가',5,'low','high','low','high','fruit',8000,10,80,'62UN-1668150211070-0.jpg','판매',to_date('22/12/05','RR/MM/DD'),300);
Insert into PRODUCT (PRODUCT_NO,PRODUCT_NAME,PRODUCT_CATEGORY,PRODUCT_INTRODUCE1,PRODUCT_INTRODUCE2,PRODUCT_COMPANY,PRODUCT_ALCOHOL,PRODUCT_DOSU,PRODUCT_SWEET,PRODUCT_ACIDITY,PRODUCT_SODA,PRODUCT_MATERIAL,PRODUCT_PRICE,PRODUCT_STOCK,PRODUCT_POINT,PRODUCT_THUMBNAIL,PRODUCT_STATUS,PRODUCT_DATE,PRODUCT_AMOUNT) values (3,'복순도가 손 막걸리','takju','샴페인 막걸리','개봉주의','복순도가',7,'low','high','high','high','nut',12000,7,120,'WqAl-1655692304884-thumb.jpg','판매',to_date('22/12/05','RR/MM/DD'),935);
Insert into PRODUCT (PRODUCT_NO,PRODUCT_NAME,PRODUCT_CATEGORY,PRODUCT_INTRODUCE1,PRODUCT_INTRODUCE2,PRODUCT_COMPANY,PRODUCT_ALCOHOL,PRODUCT_DOSU,PRODUCT_SWEET,PRODUCT_ACIDITY,PRODUCT_SODA,PRODUCT_MATERIAL,PRODUCT_PRICE,PRODUCT_STOCK,PRODUCT_POINT,PRODUCT_THUMBNAIL,PRODUCT_STATUS,PRODUCT_DATE,PRODUCT_AMOUNT) values (5,'호호','takju','호박죽 같은 부드러움','은은한 단맛','중원당',9,'low','middle','middle','nosoda','nut',15000,5,150,'yMYu-1669083270515-thumb.jpg','판매',to_date('22/12/05','RR/MM/DD'),375);
Insert into PRODUCT (PRODUCT_NO,PRODUCT_NAME,PRODUCT_CATEGORY,PRODUCT_INTRODUCE1,PRODUCT_INTRODUCE2,PRODUCT_COMPANY,PRODUCT_ALCOHOL,PRODUCT_DOSU,PRODUCT_SWEET,PRODUCT_ACIDITY,PRODUCT_SODA,PRODUCT_MATERIAL,PRODUCT_PRICE,PRODUCT_STOCK,PRODUCT_POINT,PRODUCT_THUMBNAIL,PRODUCT_STATUS,PRODUCT_DATE,PRODUCT_AMOUNT) values (6,'삼양춘 탁주 라이트','takju','단맛 산미 황금 밸런스','조금 더 가벼워졌어요','송도향',9,'low','middle','middle','nosoda','nut',8000,0,80,'HcmC-1634784403706-삼양춘 라이트_패트병.jpg','품절',to_date('22/12/05','RR/MM/DD'),500);
Insert into PRODUCT (PRODUCT_NO,PRODUCT_NAME,PRODUCT_CATEGORY,PRODUCT_INTRODUCE1,PRODUCT_INTRODUCE2,PRODUCT_COMPANY,PRODUCT_ALCOHOL,PRODUCT_DOSU,PRODUCT_SWEET,PRODUCT_ACIDITY,PRODUCT_SODA,PRODUCT_MATERIAL,PRODUCT_PRICE,PRODUCT_STOCK,PRODUCT_POINT,PRODUCT_THUMBNAIL,PRODUCT_STATUS,PRODUCT_DATE,PRODUCT_AMOUNT) values (7,'편백숲 산소막걸리 딸기 스파클링','takju','딸기맛','탄산가득','청산녹수',7,'low','high','high','high','fruit',14000,10,140,'u765-1642776242438-1.jpg','판매',to_date('22/12/05','RR/MM/DD'),940);
Insert into PRODUCT (PRODUCT_NO,PRODUCT_NAME,PRODUCT_CATEGORY,PRODUCT_INTRODUCE1,PRODUCT_INTRODUCE2,PRODUCT_COMPANY,PRODUCT_ALCOHOL,PRODUCT_DOSU,PRODUCT_SWEET,PRODUCT_ACIDITY,PRODUCT_SODA,PRODUCT_MATERIAL,PRODUCT_PRICE,PRODUCT_STOCK,PRODUCT_POINT,PRODUCT_THUMBNAIL,PRODUCT_STATUS,PRODUCT_DATE,PRODUCT_AMOUNT) values (35,'술아 국화주','chungju','포트와인 좋아하시나요?','가을에 어울리는 술','술아원',15,'middle','high','low','nosoda','flower',20000,25,200,'0tUF-1650544574118-1.jpg','판매',to_date('22/12/22','RR/MM/DD'),375);
Insert into PRODUCT (PRODUCT_NO,PRODUCT_NAME,PRODUCT_CATEGORY,PRODUCT_INTRODUCE1,PRODUCT_INTRODUCE2,PRODUCT_COMPANY,PRODUCT_ALCOHOL,PRODUCT_DOSU,PRODUCT_SWEET,PRODUCT_ACIDITY,PRODUCT_SODA,PRODUCT_MATERIAL,PRODUCT_PRICE,PRODUCT_STOCK,PRODUCT_POINT,PRODUCT_THUMBNAIL,PRODUCT_STATUS,PRODUCT_DATE,PRODUCT_AMOUNT) values (36,'우렁이쌀 청주','chungju','부드러운 단맛','100년 역사의 양조장','양촌양조',14,'middle','high','low','nosoda','nut',16000,10,160,'wHXM-1654568854786-thumb.jpg','판매',to_date('22/12/22','RR/MM/DD'),500);
Insert into PRODUCT (PRODUCT_NO,PRODUCT_NAME,PRODUCT_CATEGORY,PRODUCT_INTRODUCE1,PRODUCT_INTRODUCE2,PRODUCT_COMPANY,PRODUCT_ALCOHOL,PRODUCT_DOSU,PRODUCT_SWEET,PRODUCT_ACIDITY,PRODUCT_SODA,PRODUCT_MATERIAL,PRODUCT_PRICE,PRODUCT_STOCK,PRODUCT_POINT,PRODUCT_THUMBNAIL,PRODUCT_STATUS,PRODUCT_DATE,PRODUCT_AMOUNT) values (37,'홍삼명주','chungju','피로회복','선물용 안성맞춤','자연과 인삼',14,'middle','low','high','nosoda','other',16000,10,160,'7rOd-1652094650305-hongsam_thumbnail.png','판매',to_date('22/12/22','RR/MM/DD'),375);
Insert into PRODUCT (PRODUCT_NO,PRODUCT_NAME,PRODUCT_CATEGORY,PRODUCT_INTRODUCE1,PRODUCT_INTRODUCE2,PRODUCT_COMPANY,PRODUCT_ALCOHOL,PRODUCT_DOSU,PRODUCT_SWEET,PRODUCT_ACIDITY,PRODUCT_SODA,PRODUCT_MATERIAL,PRODUCT_PRICE,PRODUCT_STOCK,PRODUCT_POINT,PRODUCT_THUMBNAIL,PRODUCT_STATUS,PRODUCT_DATE,PRODUCT_AMOUNT) values (38,'삼양춘 청주','chungju','3번 빚은 술','아~깔끔해','송도향',15,'middle','middle','middle','nosoda','fruit',17500,7,175,'gXOc-1662364336049-0.jpg','판매',to_date('22/12/22','RR/MM/DD'),500);
Insert into PRODUCT (PRODUCT_NO,PRODUCT_NAME,PRODUCT_CATEGORY,PRODUCT_INTRODUCE1,PRODUCT_INTRODUCE2,PRODUCT_COMPANY,PRODUCT_ALCOHOL,PRODUCT_DOSU,PRODUCT_SWEET,PRODUCT_ACIDITY,PRODUCT_SODA,PRODUCT_MATERIAL,PRODUCT_PRICE,PRODUCT_STOCK,PRODUCT_POINT,PRODUCT_THUMBNAIL,PRODUCT_STATUS,PRODUCT_DATE,PRODUCT_AMOUNT) values (39,'청명주 약주 17%','chungju','청와대가 선택한','2021년 추석 선물주','중원당',17,'middle','high','high','nosoda','fruit',19500,19,195,'YWiZ-1626743178251--01.jpg','판매',to_date('22/12/22','RR/MM/DD'),375);
Insert into PRODUCT (PRODUCT_NO,PRODUCT_NAME,PRODUCT_CATEGORY,PRODUCT_INTRODUCE1,PRODUCT_INTRODUCE2,PRODUCT_COMPANY,PRODUCT_ALCOHOL,PRODUCT_DOSU,PRODUCT_SWEET,PRODUCT_ACIDITY,PRODUCT_SODA,PRODUCT_MATERIAL,PRODUCT_PRICE,PRODUCT_STOCK,PRODUCT_POINT,PRODUCT_THUMBNAIL,PRODUCT_STATUS,PRODUCT_DATE,PRODUCT_AMOUNT) values (40,'매화깊은밤','chungju','달콤한 첫인상','산뜻한 마무리','백제명가주조',8,'middle','high','middle','nosoda','fruit',12000,20,120,'Xze2-1647427708401-매화 깊은 밤.jpg','판매',to_date('22/12/22','RR/MM/DD'),375);
Insert into PRODUCT (PRODUCT_NO,PRODUCT_NAME,PRODUCT_CATEGORY,PRODUCT_INTRODUCE1,PRODUCT_INTRODUCE2,PRODUCT_COMPANY,PRODUCT_ALCOHOL,PRODUCT_DOSU,PRODUCT_SWEET,PRODUCT_ACIDITY,PRODUCT_SODA,PRODUCT_MATERIAL,PRODUCT_PRICE,PRODUCT_STOCK,PRODUCT_POINT,PRODUCT_THUMBNAIL,PRODUCT_STATUS,PRODUCT_DATE,PRODUCT_AMOUNT) values (41,'복단지','chungju','많이~달진 않아요','쌀 넣어 빚은 약주','술아원',14,'middle','middle','high','nosoda','nut',20000,5,200,'FBZt-1642729015810-2.jpg','판매',to_date('22/12/22','RR/MM/DD'),350);
Insert into PRODUCT (PRODUCT_NO,PRODUCT_NAME,PRODUCT_CATEGORY,PRODUCT_INTRODUCE1,PRODUCT_INTRODUCE2,PRODUCT_COMPANY,PRODUCT_ALCOHOL,PRODUCT_DOSU,PRODUCT_SWEET,PRODUCT_ACIDITY,PRODUCT_SODA,PRODUCT_MATERIAL,PRODUCT_PRICE,PRODUCT_STOCK,PRODUCT_POINT,PRODUCT_THUMBNAIL,PRODUCT_STATUS,PRODUCT_DATE,PRODUCT_AMOUNT) values (42,'제주 몬순 커피주','chungju','커피 생두로 만든 와인','달콤한 음료수 같아요','제주커피수목원',11,'middle','high','low','nosoda','other',12000,11,120,'TXBS-1642776076175-1.jpg','판매',to_date('22/12/22','RR/MM/DD'),200);
Insert into PRODUCT (PRODUCT_NO,PRODUCT_NAME,PRODUCT_CATEGORY,PRODUCT_INTRODUCE1,PRODUCT_INTRODUCE2,PRODUCT_COMPANY,PRODUCT_ALCOHOL,PRODUCT_DOSU,PRODUCT_SWEET,PRODUCT_ACIDITY,PRODUCT_SODA,PRODUCT_MATERIAL,PRODUCT_PRICE,PRODUCT_STOCK,PRODUCT_POINT,PRODUCT_THUMBNAIL,PRODUCT_STATUS,PRODUCT_DATE,PRODUCT_AMOUNT) values (43,'경성 과하주','chungju','포트와인 좋아하시나요?','달달하다~','술아원',20,'middle','high','low','nosoda','fruit',30000,9,300,'UmUF-1659320505466-0.jpg','판매',to_date('22/12/22','RR/MM/DD'),375);
Insert into PRODUCT (PRODUCT_NO,PRODUCT_NAME,PRODUCT_CATEGORY,PRODUCT_INTRODUCE1,PRODUCT_INTRODUCE2,PRODUCT_COMPANY,PRODUCT_ALCOHOL,PRODUCT_DOSU,PRODUCT_SWEET,PRODUCT_ACIDITY,PRODUCT_SODA,PRODUCT_MATERIAL,PRODUCT_PRICE,PRODUCT_STOCK,PRODUCT_POINT,PRODUCT_THUMBNAIL,PRODUCT_STATUS,PRODUCT_DATE,PRODUCT_AMOUNT) values (44,'문삼이공 약주','chungju','밤에 어울리는 술','달콤새콤','마마스팜',16,'middle','high','high','nosoda','nut',26000,17,260,'H1Vt-1661127324112-00.jpg','판매',to_date('22/12/22','RR/MM/DD'),500);
Insert into PRODUCT (PRODUCT_NO,PRODUCT_NAME,PRODUCT_CATEGORY,PRODUCT_INTRODUCE1,PRODUCT_INTRODUCE2,PRODUCT_COMPANY,PRODUCT_ALCOHOL,PRODUCT_DOSU,PRODUCT_SWEET,PRODUCT_ACIDITY,PRODUCT_SODA,PRODUCT_MATERIAL,PRODUCT_PRICE,PRODUCT_STOCK,PRODUCT_POINT,PRODUCT_THUMBNAIL,PRODUCT_STATUS,PRODUCT_DATE,PRODUCT_AMOUNT) values (45,'오메기술 13%','chungju','차조로 만든 제주 전통떡','미친 감칠맛','제주샘주',13,'middle','middle','low','nosoda','nut',12000,19,120,'Uyif-1648193038498-thumb_omg.png','판매',to_date('22/12/22','RR/MM/DD'),375);
Insert into PRODUCT (PRODUCT_NO,PRODUCT_NAME,PRODUCT_CATEGORY,PRODUCT_INTRODUCE1,PRODUCT_INTRODUCE2,PRODUCT_COMPANY,PRODUCT_ALCOHOL,PRODUCT_DOSU,PRODUCT_SWEET,PRODUCT_ACIDITY,PRODUCT_SODA,PRODUCT_MATERIAL,PRODUCT_PRICE,PRODUCT_STOCK,PRODUCT_POINT,PRODUCT_THUMBNAIL,PRODUCT_STATUS,PRODUCT_DATE,PRODUCT_AMOUNT) values (46,'운암 1945','chungju','화이트 와인을 닮은 약주','달지 않고 새콤해요','맑은내일',12,'middle','low','high','nosoda','nut',28000,15,280,'36NE-1642382956497-ua1945 0.jpg','판매',to_date('22/12/22','RR/MM/DD'),750);
Insert into PRODUCT (PRODUCT_NO,PRODUCT_NAME,PRODUCT_CATEGORY,PRODUCT_INTRODUCE1,PRODUCT_INTRODUCE2,PRODUCT_COMPANY,PRODUCT_ALCOHOL,PRODUCT_DOSU,PRODUCT_SWEET,PRODUCT_ACIDITY,PRODUCT_SODA,PRODUCT_MATERIAL,PRODUCT_PRICE,PRODUCT_STOCK,PRODUCT_POINT,PRODUCT_THUMBNAIL,PRODUCT_STATUS,PRODUCT_DATE,PRODUCT_AMOUNT) values (47,'우리술 오늘 약주','chungju','고급진 단맛','호산춘 레시피','오늘전주가양주',15,'middle','high','middle','nosoda','nut',25000,10,250,'ZI0y-1663293788514-0.jpg','판매',to_date('22/12/22','RR/MM/DD'),700);
Insert into PRODUCT (PRODUCT_NO,PRODUCT_NAME,PRODUCT_CATEGORY,PRODUCT_INTRODUCE1,PRODUCT_INTRODUCE2,PRODUCT_COMPANY,PRODUCT_ALCOHOL,PRODUCT_DOSU,PRODUCT_SWEET,PRODUCT_ACIDITY,PRODUCT_SODA,PRODUCT_MATERIAL,PRODUCT_PRICE,PRODUCT_STOCK,PRODUCT_POINT,PRODUCT_THUMBNAIL,PRODUCT_STATUS,PRODUCT_DATE,PRODUCT_AMOUNT) values (48,'우포','chungju','몸을 숨긴 양파','버디언 음료가 생각나는 맛','맑은내일',12,'middle','middle','low','nosoda','other',10000,10,100,'wUBV-1642382865094-up0.jpg','판매',to_date('22/12/22','RR/MM/DD'),500);
Insert into PRODUCT (PRODUCT_NO,PRODUCT_NAME,PRODUCT_CATEGORY,PRODUCT_INTRODUCE1,PRODUCT_INTRODUCE2,PRODUCT_COMPANY,PRODUCT_ALCOHOL,PRODUCT_DOSU,PRODUCT_SWEET,PRODUCT_ACIDITY,PRODUCT_SODA,PRODUCT_MATERIAL,PRODUCT_PRICE,PRODUCT_STOCK,PRODUCT_POINT,PRODUCT_THUMBNAIL,PRODUCT_STATUS,PRODUCT_DATE,PRODUCT_AMOUNT) values (49,'녹파주','chungju','초깔끔한맛','달지 않은 술','솔송주',15,'middle','low','low','nosoda','nut',10000,20,100,'OOk8-1618994341750-녹파주.jpg','판매',to_date('22/12/22','RR/MM/DD'),375);
Insert into PRODUCT (PRODUCT_NO,PRODUCT_NAME,PRODUCT_CATEGORY,PRODUCT_INTRODUCE1,PRODUCT_INTRODUCE2,PRODUCT_COMPANY,PRODUCT_ALCOHOL,PRODUCT_DOSU,PRODUCT_SWEET,PRODUCT_ACIDITY,PRODUCT_SODA,PRODUCT_MATERIAL,PRODUCT_PRICE,PRODUCT_STOCK,PRODUCT_POINT,PRODUCT_THUMBNAIL,PRODUCT_STATUS,PRODUCT_DATE,PRODUCT_AMOUNT) values (50,'맑은 문희주','chungju','수제약주','달달한맛','문경주조',13,'middle','high','low','nosoda','nut',46000,9,460,'T20d-1656600970882-0.jpg','판매',to_date('22/12/22','RR/MM/DD'),500);
Insert into PRODUCT (PRODUCT_NO,PRODUCT_NAME,PRODUCT_CATEGORY,PRODUCT_INTRODUCE1,PRODUCT_INTRODUCE2,PRODUCT_COMPANY,PRODUCT_ALCOHOL,PRODUCT_DOSU,PRODUCT_SWEET,PRODUCT_ACIDITY,PRODUCT_SODA,PRODUCT_MATERIAL,PRODUCT_PRICE,PRODUCT_STOCK,PRODUCT_POINT,PRODUCT_THUMBNAIL,PRODUCT_STATUS,PRODUCT_DATE,PRODUCT_AMOUNT) values (51,'술아 매화주','chungju','포트와인 좋아하시나요?','봄에 어울리는 술','술아원',15,'middle','high','high','nosoda','flower',20000,8,200,'D1LH-1659320729162-0.jpg','판매',to_date('22/12/22','RR/MM/DD'),375);
Insert into PRODUCT (PRODUCT_NO,PRODUCT_NAME,PRODUCT_CATEGORY,PRODUCT_INTRODUCE1,PRODUCT_INTRODUCE2,PRODUCT_COMPANY,PRODUCT_ALCOHOL,PRODUCT_DOSU,PRODUCT_SWEET,PRODUCT_ACIDITY,PRODUCT_SODA,PRODUCT_MATERIAL,PRODUCT_PRICE,PRODUCT_STOCK,PRODUCT_POINT,PRODUCT_THUMBNAIL,PRODUCT_STATUS,PRODUCT_DATE,PRODUCT_AMOUNT) values (52,'동몽','chungju','단호박으로 만든 귀한 술','짜릿한게 최고야!','예술주조',17,'middle','middle','high','nosoda','nut',34000,10,340,'C1O8-1666856217389-thumb.jpg','판매',to_date('22/12/22','RR/MM/DD'),500);
Insert into PRODUCT (PRODUCT_NO,PRODUCT_NAME,PRODUCT_CATEGORY,PRODUCT_INTRODUCE1,PRODUCT_INTRODUCE2,PRODUCT_COMPANY,PRODUCT_ALCOHOL,PRODUCT_DOSU,PRODUCT_SWEET,PRODUCT_ACIDITY,PRODUCT_SODA,PRODUCT_MATERIAL,PRODUCT_PRICE,PRODUCT_STOCK,PRODUCT_POINT,PRODUCT_THUMBNAIL,PRODUCT_STATUS,PRODUCT_DATE,PRODUCT_AMOUNT) values (53,'264 청포도 와인 절정 (Medium Dry)','wine','청포도 와인','이육사 절정','264청포도와인',13,'middle','low','high','nosoda','fruit',19000,0,190,'drfY-1660891717765-1.jpg','품절',to_date('22/12/22','RR/MM/DD'),375);
Insert into PRODUCT (PRODUCT_NO,PRODUCT_NAME,PRODUCT_CATEGORY,PRODUCT_INTRODUCE1,PRODUCT_INTRODUCE2,PRODUCT_COMPANY,PRODUCT_ALCOHOL,PRODUCT_DOSU,PRODUCT_SWEET,PRODUCT_ACIDITY,PRODUCT_SODA,PRODUCT_MATERIAL,PRODUCT_PRICE,PRODUCT_STOCK,PRODUCT_POINT,PRODUCT_THUMBNAIL,PRODUCT_STATUS,PRODUCT_DATE,PRODUCT_AMOUNT) values (54,'오미로제 연','wine','오미자 스파클링 와인','샤르마 방식 사용','오미나라',8,'middle','low','high','high','fruit',50000,15,5,'5YHz-1651137039043-1.jpg','판매',to_date('22/12/22','RR/MM/DD'),750);
Insert into PRODUCT (PRODUCT_NO,PRODUCT_NAME,PRODUCT_CATEGORY,PRODUCT_INTRODUCE1,PRODUCT_INTRODUCE2,PRODUCT_COMPANY,PRODUCT_ALCOHOL,PRODUCT_DOSU,PRODUCT_SWEET,PRODUCT_ACIDITY,PRODUCT_SODA,PRODUCT_MATERIAL,PRODUCT_PRICE,PRODUCT_STOCK,PRODUCT_POINT,PRODUCT_THUMBNAIL,PRODUCT_STATUS,PRODUCT_DATE,PRODUCT_AMOUNT) values (55,'허니문배','wine','사과와 배의 만남','파티주로 즐겨보세요','댄싱사이더 컴퍼니',5,'low','middle','middle','middle','fruit',17900,18,179,'PBJf-1657699612618-honey.jpg','판매',to_date('22/12/22','RR/MM/DD'),750);
Insert into PRODUCT (PRODUCT_NO,PRODUCT_NAME,PRODUCT_CATEGORY,PRODUCT_INTRODUCE1,PRODUCT_INTRODUCE2,PRODUCT_COMPANY,PRODUCT_ALCOHOL,PRODUCT_DOSU,PRODUCT_SWEET,PRODUCT_ACIDITY,PRODUCT_SODA,PRODUCT_MATERIAL,PRODUCT_PRICE,PRODUCT_STOCK,PRODUCT_POINT,PRODUCT_THUMBNAIL,PRODUCT_STATUS,PRODUCT_DATE,PRODUCT_AMOUNT) values (56,'장수 오미자주','wine','매혹적인 붉은 빛','오미자의 다채로운 풍미','알에프 와이너리',17,'middle','high','high','nosoda','fruit',5900,16,59,'24PV-1644573217144-1jpg.jpg','판매',to_date('22/12/22','RR/MM/DD'),360);
Insert into PRODUCT (PRODUCT_NO,PRODUCT_NAME,PRODUCT_CATEGORY,PRODUCT_INTRODUCE1,PRODUCT_INTRODUCE2,PRODUCT_COMPANY,PRODUCT_ALCOHOL,PRODUCT_DOSU,PRODUCT_SWEET,PRODUCT_ACIDITY,PRODUCT_SODA,PRODUCT_MATERIAL,PRODUCT_PRICE,PRODUCT_STOCK,PRODUCT_POINT,PRODUCT_THUMBNAIL,PRODUCT_STATUS,PRODUCT_DATE,PRODUCT_AMOUNT) values (57,'추사 블루 스위트','wine','블루베리로 만든 와인','주스같이 달콤','예산사과와인',11,'middle','middle','low','nosoda','fruit',18000,10,180,'9FhJ-1655865887419-thumb.jpg','판매',to_date('22/12/22','RR/MM/DD'),375);
Insert into PRODUCT (PRODUCT_NO,PRODUCT_NAME,PRODUCT_CATEGORY,PRODUCT_INTRODUCE1,PRODUCT_INTRODUCE2,PRODUCT_COMPANY,PRODUCT_ALCOHOL,PRODUCT_DOSU,PRODUCT_SWEET,PRODUCT_ACIDITY,PRODUCT_SODA,PRODUCT_MATERIAL,PRODUCT_PRICE,PRODUCT_STOCK,PRODUCT_POINT,PRODUCT_THUMBNAIL,PRODUCT_STATUS,PRODUCT_DATE,PRODUCT_AMOUNT) values (58,'애플사이더 헤베','wine','애플사이더','청춘의여신','한국 애플리즈',9,'middle','low','high','low','fruit',6000,10,60,'JwSj-1625725692969-헤베-5.png','판매',to_date('22/12/22','RR/MM/DD'),330);
Insert into PRODUCT (PRODUCT_NO,PRODUCT_NAME,PRODUCT_CATEGORY,PRODUCT_INTRODUCE1,PRODUCT_INTRODUCE2,PRODUCT_COMPANY,PRODUCT_ALCOHOL,PRODUCT_DOSU,PRODUCT_SWEET,PRODUCT_ACIDITY,PRODUCT_SODA,PRODUCT_MATERIAL,PRODUCT_PRICE,PRODUCT_STOCK,PRODUCT_POINT,PRODUCT_THUMBNAIL,PRODUCT_STATUS,PRODUCT_DATE,PRODUCT_AMOUNT) values (59,'7004S 키위와인','wine','짜릿한 새콤한 덕에 침이 꼴깍!','어서 와~ 키위 와인은 처음이지?','오름주가',8,'middle','middle','high','nosoda','fruit',22000,9,220,'mO44-1658453998938-1.jpg','판매',to_date('22/12/22','RR/MM/DD'),750);
Insert into PRODUCT (PRODUCT_NO,PRODUCT_NAME,PRODUCT_CATEGORY,PRODUCT_INTRODUCE1,PRODUCT_INTRODUCE2,PRODUCT_COMPANY,PRODUCT_ALCOHOL,PRODUCT_DOSU,PRODUCT_SWEET,PRODUCT_ACIDITY,PRODUCT_SODA,PRODUCT_MATERIAL,PRODUCT_PRICE,PRODUCT_STOCK,PRODUCT_POINT,PRODUCT_THUMBNAIL,PRODUCT_STATUS,PRODUCT_DATE,PRODUCT_AMOUNT) values (60,'시나브로 캠밸 스위트','wine','익숙한 달콤씁쓸한 맛','오프너 필요 없이 간편하게','시나브로와이너리',12,'middle','middle','middle','nosoda','fruit',30000,15,300,'dBMV-1628820066205-시나브로 켐벨 스위트-1.jpg','판매',to_date('22/12/22','RR/MM/DD'),750);
Insert into PRODUCT (PRODUCT_NO,PRODUCT_NAME,PRODUCT_CATEGORY,PRODUCT_INTRODUCE1,PRODUCT_INTRODUCE2,PRODUCT_COMPANY,PRODUCT_ALCOHOL,PRODUCT_DOSU,PRODUCT_SWEET,PRODUCT_ACIDITY,PRODUCT_SODA,PRODUCT_MATERIAL,PRODUCT_PRICE,PRODUCT_STOCK,PRODUCT_POINT,PRODUCT_THUMBNAIL,PRODUCT_STATUS,PRODUCT_DATE,PRODUCT_AMOUNT) values (61,'애피소드 상그리아','wine','포도가 들어가요','상그리아는 진한 붉은 빛','한국 애플리즈',3,'low','middle','middle','low','fruit',5000,11,220,'QhF4-1625726313713-애피소드레드-4.png','판매',to_date('22/12/22','RR/MM/DD'),330);
Insert into PRODUCT (PRODUCT_NO,PRODUCT_NAME,PRODUCT_CATEGORY,PRODUCT_INTRODUCE1,PRODUCT_INTRODUCE2,PRODUCT_COMPANY,PRODUCT_ALCOHOL,PRODUCT_DOSU,PRODUCT_SWEET,PRODUCT_ACIDITY,PRODUCT_SODA,PRODUCT_MATERIAL,PRODUCT_PRICE,PRODUCT_STOCK,PRODUCT_POINT,PRODUCT_THUMBNAIL,PRODUCT_STATUS,PRODUCT_DATE,PRODUCT_AMOUNT) values (62,'시나브로 청수 화이트','wine','편안하게 새콤달콤','오프너 필요 없이 간편하게','시나브로와이너리',11,'middle','middle','middle','nosoda','fruit',54000,10,540,'q2Bp-1662106155581-SINABRO.jpg','판매',to_date('22/12/22','RR/MM/DD'),750);
Insert into PRODUCT (PRODUCT_NO,PRODUCT_NAME,PRODUCT_CATEGORY,PRODUCT_INTRODUCE1,PRODUCT_INTRODUCE2,PRODUCT_COMPANY,PRODUCT_ALCOHOL,PRODUCT_DOSU,PRODUCT_SWEET,PRODUCT_ACIDITY,PRODUCT_SODA,PRODUCT_MATERIAL,PRODUCT_PRICE,PRODUCT_STOCK,PRODUCT_POINT,PRODUCT_THUMBNAIL,PRODUCT_STATUS,PRODUCT_DATE,PRODUCT_AMOUNT) values (63,'애피소드 애플','wine','어디서 마셔본 그 맛','가볍게 즐기기 좋아요','한국 애플리즈',3,'low','middle','middle','low','fruit',5000,15,50,'Bsof-1631179069800-ep+a0.jpg','판매',to_date('22/12/22','RR/MM/DD'),330);
Insert into PRODUCT (PRODUCT_NO,PRODUCT_NAME,PRODUCT_CATEGORY,PRODUCT_INTRODUCE1,PRODUCT_INTRODUCE2,PRODUCT_COMPANY,PRODUCT_ALCOHOL,PRODUCT_DOSU,PRODUCT_SWEET,PRODUCT_ACIDITY,PRODUCT_SODA,PRODUCT_MATERIAL,PRODUCT_PRICE,PRODUCT_STOCK,PRODUCT_POINT,PRODUCT_THUMBNAIL,PRODUCT_STATUS,PRODUCT_DATE,PRODUCT_AMOUNT) values (64,'크라테 산머루 드라이','wine','유기농 산머루','드라이한 레드와인','수도산 와이너리',11,'middle','low','high','nosoda','fruit',69000,9,690,'e5V5-1659682544646-dry_thumb.jpg','판매',to_date('22/12/22','RR/MM/DD'),750);
Insert into PRODUCT (PRODUCT_NO,PRODUCT_NAME,PRODUCT_CATEGORY,PRODUCT_INTRODUCE1,PRODUCT_INTRODUCE2,PRODUCT_COMPANY,PRODUCT_ALCOHOL,PRODUCT_DOSU,PRODUCT_SWEET,PRODUCT_ACIDITY,PRODUCT_SODA,PRODUCT_MATERIAL,PRODUCT_PRICE,PRODUCT_STOCK,PRODUCT_POINT,PRODUCT_THUMBNAIL,PRODUCT_STATUS,PRODUCT_DATE,PRODUCT_AMOUNT) values (65,'비원 드라이 레드','wine','싱싱한 포도 내음 가득','짜릿한 산미 뒤 쌉쌀한 풍미','산막 와이너리',13,'middle','low','high','nosoda','fruit',18000,10,180,'A9KR-1668152986297-스크린샷 2022-11-11 오후 4.49.37.png','판매',to_date('22/12/22','RR/MM/DD'),750);
Insert into PRODUCT (PRODUCT_NO,PRODUCT_NAME,PRODUCT_CATEGORY,PRODUCT_INTRODUCE1,PRODUCT_INTRODUCE2,PRODUCT_COMPANY,PRODUCT_ALCOHOL,PRODUCT_DOSU,PRODUCT_SWEET,PRODUCT_ACIDITY,PRODUCT_SODA,PRODUCT_MATERIAL,PRODUCT_PRICE,PRODUCT_STOCK,PRODUCT_POINT,PRODUCT_THUMBNAIL,PRODUCT_STATUS,PRODUCT_DATE,PRODUCT_AMOUNT) values (66,'어미실 와인 화이트 스위트','wine','직접 재배한 청수로 만든','입안을 가득 채우는 달콤한','마미영농조합법인',10,'middle','high','high','nosoda','fruit',27000,15,270,'Ozuh-1654847836840-1.jpg','판매',to_date('22/12/22','RR/MM/DD'),500);
Insert into PRODUCT (PRODUCT_NO,PRODUCT_NAME,PRODUCT_CATEGORY,PRODUCT_INTRODUCE1,PRODUCT_INTRODUCE2,PRODUCT_COMPANY,PRODUCT_ALCOHOL,PRODUCT_DOSU,PRODUCT_SWEET,PRODUCT_ACIDITY,PRODUCT_SODA,PRODUCT_MATERIAL,PRODUCT_PRICE,PRODUCT_STOCK,PRODUCT_POINT,PRODUCT_THUMBNAIL,PRODUCT_STATUS,PRODUCT_DATE,PRODUCT_AMOUNT) values (67,'젤코바 감 와인','wine','침샘을 자극하는 새콤달콤함','대봉감으로 만든 와인','젤코바 와이너리',10,'middle','middle','high','nosoda','fruit',22000,10,220,'rRlM-1653635091791-1.jpg','판매',to_date('22/12/22','RR/MM/DD'),375);
Insert into PRODUCT (PRODUCT_NO,PRODUCT_NAME,PRODUCT_CATEGORY,PRODUCT_INTRODUCE1,PRODUCT_INTRODUCE2,PRODUCT_COMPANY,PRODUCT_ALCOHOL,PRODUCT_DOSU,PRODUCT_SWEET,PRODUCT_ACIDITY,PRODUCT_SODA,PRODUCT_MATERIAL,PRODUCT_PRICE,PRODUCT_STOCK,PRODUCT_POINT,PRODUCT_THUMBNAIL,PRODUCT_STATUS,PRODUCT_DATE,PRODUCT_AMOUNT) values (68,'라라','wine','단맛은 낮고 산미는 팡팡','레몬처럼 짜릿한 새콤함','산막 와이너리',10,'middle','low','high','nosoda','fruit',25000,15,250,'Wstx-1653639444866-1.jpg','판매',to_date('22/12/22','RR/MM/DD'),750);
Insert into PRODUCT (PRODUCT_NO,PRODUCT_NAME,PRODUCT_CATEGORY,PRODUCT_INTRODUCE1,PRODUCT_INTRODUCE2,PRODUCT_COMPANY,PRODUCT_ALCOHOL,PRODUCT_DOSU,PRODUCT_SWEET,PRODUCT_ACIDITY,PRODUCT_SODA,PRODUCT_MATERIAL,PRODUCT_PRICE,PRODUCT_STOCK,PRODUCT_POINT,PRODUCT_THUMBNAIL,PRODUCT_STATUS,PRODUCT_DATE,PRODUCT_AMOUNT) values (69,'미르아토 로제 스파클링 스위트 와인','wine','마치 딸기잼을 먹은 듯 진한 달콤함','가볍게 한 잔하고 싶을 때','미르아토 와인',5,'low','high','middle','middle','fruit',18000,19,180,'M5jI-1663305113642-0.jpg','판매',to_date('22/12/22','RR/MM/DD'),250);
Insert into PRODUCT (PRODUCT_NO,PRODUCT_NAME,PRODUCT_CATEGORY,PRODUCT_INTRODUCE1,PRODUCT_INTRODUCE2,PRODUCT_COMPANY,PRODUCT_ALCOHOL,PRODUCT_DOSU,PRODUCT_SWEET,PRODUCT_ACIDITY,PRODUCT_SODA,PRODUCT_MATERIAL,PRODUCT_PRICE,PRODUCT_STOCK,PRODUCT_POINT,PRODUCT_THUMBNAIL,PRODUCT_STATUS,PRODUCT_DATE,PRODUCT_AMOUNT) values (70,'크라테 로제 미디엄 드라이','wine','새콤씁쓸','미디엄드라이 로제와인','수도산 와이너리',11,'middle','low','middle','nosoda','fruit',22000,17,220,'kyqr-1658110037332-0.jpg','판매',to_date('22/12/22','RR/MM/DD'),375);
Insert into PRODUCT (PRODUCT_NO,PRODUCT_NAME,PRODUCT_CATEGORY,PRODUCT_INTRODUCE1,PRODUCT_INTRODUCE2,PRODUCT_COMPANY,PRODUCT_ALCOHOL,PRODUCT_DOSU,PRODUCT_SWEET,PRODUCT_ACIDITY,PRODUCT_SODA,PRODUCT_MATERIAL,PRODUCT_PRICE,PRODUCT_STOCK,PRODUCT_POINT,PRODUCT_THUMBNAIL,PRODUCT_STATUS,PRODUCT_DATE,PRODUCT_AMOUNT) values (71,'미르아토 청수 스위트 와인','wine','청사과를 먹은 듯','산뜻한 향','미르아토 와인',12,'middle','high','high','nosoda','fruit',30000,10,300,'CjOs-1663250480886-1.jpg','판매',to_date('22/12/22','RR/MM/DD'),750);
Insert into PRODUCT (PRODUCT_NO,PRODUCT_NAME,PRODUCT_CATEGORY,PRODUCT_INTRODUCE1,PRODUCT_INTRODUCE2,PRODUCT_COMPANY,PRODUCT_ALCOHOL,PRODUCT_DOSU,PRODUCT_SWEET,PRODUCT_ACIDITY,PRODUCT_SODA,PRODUCT_MATERIAL,PRODUCT_PRICE,PRODUCT_STOCK,PRODUCT_POINT,PRODUCT_THUMBNAIL,PRODUCT_STATUS,PRODUCT_DATE,PRODUCT_AMOUNT) values (72,'동백꽃, 제주','wine','청포도를 먹는듯한 달콤한','칵테일로도 즐겨보세요','제주본초협동조합',16,'middle','high','low','nosoda','fruit',12000,20,120,'WTj2-1629257790790-동백꽃,제주-1.jpg','판매',to_date('22/12/22','RR/MM/DD'),365);
Insert into PRODUCT (PRODUCT_NO,PRODUCT_NAME,PRODUCT_CATEGORY,PRODUCT_INTRODUCE1,PRODUCT_INTRODUCE2,PRODUCT_COMPANY,PRODUCT_ALCOHOL,PRODUCT_DOSU,PRODUCT_SWEET,PRODUCT_ACIDITY,PRODUCT_SODA,PRODUCT_MATERIAL,PRODUCT_PRICE,PRODUCT_STOCK,PRODUCT_POINT,PRODUCT_THUMBNAIL,PRODUCT_STATUS,PRODUCT_DATE,PRODUCT_AMOUNT) values (73,'고도리 복숭아 와인','wine','복숭아로 만든 와인','아이스 와인','고도리 와이너리',6,'low','high','high','nosoda','fruit',23000,5,230,'xdPQ-1642143289464-gdr bsa0.jpg','판매',to_date('22/12/22','RR/MM/DD'),375);
Insert into PRODUCT (PRODUCT_NO,PRODUCT_NAME,PRODUCT_CATEGORY,PRODUCT_INTRODUCE1,PRODUCT_INTRODUCE2,PRODUCT_COMPANY,PRODUCT_ALCOHOL,PRODUCT_DOSU,PRODUCT_SWEET,PRODUCT_ACIDITY,PRODUCT_SODA,PRODUCT_MATERIAL,PRODUCT_PRICE,PRODUCT_STOCK,PRODUCT_POINT,PRODUCT_THUMBNAIL,PRODUCT_STATUS,PRODUCT_DATE,PRODUCT_AMOUNT) values (74,'요새로제','wine','애플사이더','사과 오미자 블렌딩','댄싱사이더 컴퍼니',6,'low','high','high','middle','fruit',17900,15,179,'IUBI-1654568797609-thumb.jpg','판매',to_date('22/12/22','RR/MM/DD'),750);
Insert into PRODUCT (PRODUCT_NO,PRODUCT_NAME,PRODUCT_CATEGORY,PRODUCT_INTRODUCE1,PRODUCT_INTRODUCE2,PRODUCT_COMPANY,PRODUCT_ALCOHOL,PRODUCT_DOSU,PRODUCT_SWEET,PRODUCT_ACIDITY,PRODUCT_SODA,PRODUCT_MATERIAL,PRODUCT_PRICE,PRODUCT_STOCK,PRODUCT_POINT,PRODUCT_THUMBNAIL,PRODUCT_STATUS,PRODUCT_DATE,PRODUCT_AMOUNT) values (75,'유채꽃, 제주','wine','제주도의 봄을 담은 술','달콤한 그리고 산뜻한 마무리','제주본초협동조합',16,'middle','high','low','nosoda','fruit',12000,9,120,'6Ynk-1650535957947-1.jpg','판매',to_date('22/12/22','RR/MM/DD'),365);
Insert into PRODUCT (PRODUCT_NO,PRODUCT_NAME,PRODUCT_CATEGORY,PRODUCT_INTRODUCE1,PRODUCT_INTRODUCE2,PRODUCT_COMPANY,PRODUCT_ALCOHOL,PRODUCT_DOSU,PRODUCT_SWEET,PRODUCT_ACIDITY,PRODUCT_SODA,PRODUCT_MATERIAL,PRODUCT_PRICE,PRODUCT_STOCK,PRODUCT_POINT,PRODUCT_THUMBNAIL,PRODUCT_STATUS,PRODUCT_DATE,PRODUCT_AMOUNT) values (76,'고도리 샤인머스캣 와인 (망고포도)','wine','집 나간 입맛도 돌아오게 하는','새콤달콤한 맛','고도리 와이너리',10,'middle','high','middle','nosoda','fruit',23000,14,230,'W5dy-1631773756416-고도리+망고포도+와인-1.jpg','판매',to_date('22/12/22','RR/MM/DD'),375);
Insert into PRODUCT (PRODUCT_NO,PRODUCT_NAME,PRODUCT_CATEGORY,PRODUCT_INTRODUCE1,PRODUCT_INTRODUCE2,PRODUCT_COMPANY,PRODUCT_ALCOHOL,PRODUCT_DOSU,PRODUCT_SWEET,PRODUCT_ACIDITY,PRODUCT_SODA,PRODUCT_MATERIAL,PRODUCT_PRICE,PRODUCT_STOCK,PRODUCT_POINT,PRODUCT_THUMBNAIL,PRODUCT_STATUS,PRODUCT_DATE,PRODUCT_AMOUNT) values (77,'샤토미소 웨딩 자두와인','wine','자두로 만든 새콤한 와인','자두나무의 꽃말은 순백','도란원',12,'middle','middle','high','nosoda','fruit',35000,11,350,'KNBS-1640251277612-샤토미소 웨딩.jpg','판매',to_date('22/12/22','RR/MM/DD'),375);
Insert into PRODUCT (PRODUCT_NO,PRODUCT_NAME,PRODUCT_CATEGORY,PRODUCT_INTRODUCE1,PRODUCT_INTRODUCE2,PRODUCT_COMPANY,PRODUCT_ALCOHOL,PRODUCT_DOSU,PRODUCT_SWEET,PRODUCT_ACIDITY,PRODUCT_SODA,PRODUCT_MATERIAL,PRODUCT_PRICE,PRODUCT_STOCK,PRODUCT_POINT,PRODUCT_THUMBNAIL,PRODUCT_STATUS,PRODUCT_DATE,PRODUCT_AMOUNT) values (78,'스윗마마','wine','애플사이더','달콤한 사과맛','댄싱사이더 컴퍼니',5,'low','high','high','low','fruit',5900,9,59,'i16g-1642143634927-swmm0.jpg','판매',to_date('22/12/22','RR/MM/DD'),330);
Insert into PRODUCT (PRODUCT_NO,PRODUCT_NAME,PRODUCT_CATEGORY,PRODUCT_INTRODUCE1,PRODUCT_INTRODUCE2,PRODUCT_COMPANY,PRODUCT_ALCOHOL,PRODUCT_DOSU,PRODUCT_SWEET,PRODUCT_ACIDITY,PRODUCT_SODA,PRODUCT_MATERIAL,PRODUCT_PRICE,PRODUCT_STOCK,PRODUCT_POINT,PRODUCT_THUMBNAIL,PRODUCT_STATUS,PRODUCT_DATE,PRODUCT_AMOUNT) values (79,'추사 애플 와인','wine','사과로 만든 와인','아이스와인 방식','예산사과와인',12,'middle','high','middle','nosoda','fruit',20000,13,200,'MDA5-1655865960640-thumb.jpg','판매',to_date('22/12/22','RR/MM/DD'),375);
Insert into PRODUCT (PRODUCT_NO,PRODUCT_NAME,PRODUCT_CATEGORY,PRODUCT_INTRODUCE1,PRODUCT_INTRODUCE2,PRODUCT_COMPANY,PRODUCT_ALCOHOL,PRODUCT_DOSU,PRODUCT_SWEET,PRODUCT_ACIDITY,PRODUCT_SODA,PRODUCT_MATERIAL,PRODUCT_PRICE,PRODUCT_STOCK,PRODUCT_POINT,PRODUCT_THUMBNAIL,PRODUCT_STATUS,PRODUCT_DATE,PRODUCT_AMOUNT) values (80,'혼디주','wine','제주 감귤주','새콤달콤에 구수함을 더한','시트러스',12,'middle','middle','high','nosoda','fruit',8000,6,80,'C7xm-1637223452230-혼디주_박스없는버전.jpg','판매',to_date('22/12/22','RR/MM/DD'),330);
Insert into PRODUCT (PRODUCT_NO,PRODUCT_NAME,PRODUCT_CATEGORY,PRODUCT_INTRODUCE1,PRODUCT_INTRODUCE2,PRODUCT_COMPANY,PRODUCT_ALCOHOL,PRODUCT_DOSU,PRODUCT_SWEET,PRODUCT_ACIDITY,PRODUCT_SODA,PRODUCT_MATERIAL,PRODUCT_PRICE,PRODUCT_STOCK,PRODUCT_POINT,PRODUCT_THUMBNAIL,PRODUCT_STATUS,PRODUCT_DATE,PRODUCT_AMOUNT) values (81,'여포의 꿈 레드와인 (드라이)','wine','포도품종 블랜딩','신선한 향 뒤에 새콤한 맛','여포와인농장',12,'middle','low','high','nosoda','fruit',25000,17,250,'PQ2j-1634880239218-여포의 꿈 레드 드라이.jpg','판매',to_date('22/12/22','RR/MM/DD'),750);
Insert into PRODUCT (PRODUCT_NO,PRODUCT_NAME,PRODUCT_CATEGORY,PRODUCT_INTRODUCE1,PRODUCT_INTRODUCE2,PRODUCT_COMPANY,PRODUCT_ALCOHOL,PRODUCT_DOSU,PRODUCT_SWEET,PRODUCT_ACIDITY,PRODUCT_SODA,PRODUCT_MATERIAL,PRODUCT_PRICE,PRODUCT_STOCK,PRODUCT_POINT,PRODUCT_THUMBNAIL,PRODUCT_STATUS,PRODUCT_DATE,PRODUCT_AMOUNT) values (82,'세인트하우스 아로니아 와인','wine','아로니아로 만든 와인','달지 않아요','세인트하우스',12,'middle','low','middle','nosoda','fruit',23000,10,230,'rlT8-1659320861396-0.jpg','판매',to_date('22/12/22','RR/MM/DD'),500);
Insert into PRODUCT (PRODUCT_NO,PRODUCT_NAME,PRODUCT_CATEGORY,PRODUCT_INTRODUCE1,PRODUCT_INTRODUCE2,PRODUCT_COMPANY,PRODUCT_ALCOHOL,PRODUCT_DOSU,PRODUCT_SWEET,PRODUCT_ACIDITY,PRODUCT_SODA,PRODUCT_MATERIAL,PRODUCT_PRICE,PRODUCT_STOCK,PRODUCT_POINT,PRODUCT_THUMBNAIL,PRODUCT_STATUS,PRODUCT_DATE,PRODUCT_AMOUNT) values (83,'서울의 밤 25%','soju','매실로 만든 한국의 진(GIN)','부드럽고 깔끔하게','더한주류',25,'high','low','low','nosoda','fruit',7900,14,79,'eluC-1637227145655-서울의밤.jpg','판매',to_date('22/12/23','RR/MM/DD'),375);
Insert into PRODUCT (PRODUCT_NO,PRODUCT_NAME,PRODUCT_CATEGORY,PRODUCT_INTRODUCE1,PRODUCT_INTRODUCE2,PRODUCT_COMPANY,PRODUCT_ALCOHOL,PRODUCT_DOSU,PRODUCT_SWEET,PRODUCT_ACIDITY,PRODUCT_SODA,PRODUCT_MATERIAL,PRODUCT_PRICE,PRODUCT_STOCK,PRODUCT_POINT,PRODUCT_THUMBNAIL,PRODUCT_STATUS,PRODUCT_DATE,PRODUCT_AMOUNT) values (84,'천비향 화주','soju','고소한 증류주','고도수','좋은술',40,'very-high','low','low','nosoda','other',64000,13,640,'XpFS-1662101466971-0.jpg','판매',to_date('22/12/23','RR/MM/DD'),375);
Insert into PRODUCT (PRODUCT_NO,PRODUCT_NAME,PRODUCT_CATEGORY,PRODUCT_INTRODUCE1,PRODUCT_INTRODUCE2,PRODUCT_COMPANY,PRODUCT_ALCOHOL,PRODUCT_DOSU,PRODUCT_SWEET,PRODUCT_ACIDITY,PRODUCT_SODA,PRODUCT_MATERIAL,PRODUCT_PRICE,PRODUCT_STOCK,PRODUCT_POINT,PRODUCT_THUMBNAIL,PRODUCT_STATUS,PRODUCT_DATE,PRODUCT_AMOUNT) values (85,'고리 진 보자기 패키지','soju','토속적인 재료로 향을 더한','상큼한 마무리의 한국 진','하우스오브헤리티지',47,'very-high','low','low','nosoda','other',95000,10,950,'VEau-1669620677598-3.jpg','판매',to_date('22/12/23','RR/MM/DD'),500);
Insert into PRODUCT (PRODUCT_NO,PRODUCT_NAME,PRODUCT_CATEGORY,PRODUCT_INTRODUCE1,PRODUCT_INTRODUCE2,PRODUCT_COMPANY,PRODUCT_ALCOHOL,PRODUCT_DOSU,PRODUCT_SWEET,PRODUCT_ACIDITY,PRODUCT_SODA,PRODUCT_MATERIAL,PRODUCT_PRICE,PRODUCT_STOCK,PRODUCT_POINT,PRODUCT_THUMBNAIL,PRODUCT_STATUS,PRODUCT_DATE,PRODUCT_AMOUNT) values (86,'감흥로','soju','목을 강타하는 강렬한 맛','깊은 계피의 풍미','감흥로',40,'very-high','low','low','nosoda','other',45000,10,450,'TcnE-1656602627664-1.jpg','판매',to_date('22/12/23','RR/MM/DD'),400);
Insert into PRODUCT (PRODUCT_NO,PRODUCT_NAME,PRODUCT_CATEGORY,PRODUCT_INTRODUCE1,PRODUCT_INTRODUCE2,PRODUCT_COMPANY,PRODUCT_ALCOHOL,PRODUCT_DOSU,PRODUCT_SWEET,PRODUCT_ACIDITY,PRODUCT_SODA,PRODUCT_MATERIAL,PRODUCT_PRICE,PRODUCT_STOCK,PRODUCT_POINT,PRODUCT_THUMBNAIL,PRODUCT_STATUS,PRODUCT_DATE,PRODUCT_AMOUNT) values (87,'고운달 백자 (세트포장)','soju','선물하기 좋은 술','부드러운 고도수 술','오미나라',50,'very-high','low','low','nosoda','fruit',180000,5,1800,'3PxC-1661127912280-thumb.jpg','판매',to_date('22/12/23','RR/MM/DD'),200);
Insert into PRODUCT (PRODUCT_NO,PRODUCT_NAME,PRODUCT_CATEGORY,PRODUCT_INTRODUCE1,PRODUCT_INTRODUCE2,PRODUCT_COMPANY,PRODUCT_ALCOHOL,PRODUCT_DOSU,PRODUCT_SWEET,PRODUCT_ACIDITY,PRODUCT_SODA,PRODUCT_MATERIAL,PRODUCT_PRICE,PRODUCT_STOCK,PRODUCT_POINT,PRODUCT_THUMBNAIL,PRODUCT_STATUS,PRODUCT_DATE,PRODUCT_AMOUNT) values (88,'주향소주 25%','soju','구수한 향을 갖춘','원소주를 숙성한 곳','농업회사법인 담올',25,'high','low','low','nosoda','other',17000,15,170,'y5LB-1661321653036-1.jpg','판매',to_date('22/12/23','RR/MM/DD'),375);
Insert into PRODUCT (PRODUCT_NO,PRODUCT_NAME,PRODUCT_CATEGORY,PRODUCT_INTRODUCE1,PRODUCT_INTRODUCE2,PRODUCT_COMPANY,PRODUCT_ALCOHOL,PRODUCT_DOSU,PRODUCT_SWEET,PRODUCT_ACIDITY,PRODUCT_SODA,PRODUCT_MATERIAL,PRODUCT_PRICE,PRODUCT_STOCK,PRODUCT_POINT,PRODUCT_THUMBNAIL,PRODUCT_STATUS,PRODUCT_DATE,PRODUCT_AMOUNT) values (89,'여유 19%','soju','담백 깔끔 쌀 소주','반주로 제격','양촌양조',19,'middle','low','low','nosoda','other',11200,10,112,'ayGA-1658114266997-1.jpg','판매',to_date('22/12/23','RR/MM/DD'),375);
Insert into PRODUCT (PRODUCT_NO,PRODUCT_NAME,PRODUCT_CATEGORY,PRODUCT_INTRODUCE1,PRODUCT_INTRODUCE2,PRODUCT_COMPANY,PRODUCT_ALCOHOL,PRODUCT_DOSU,PRODUCT_SWEET,PRODUCT_ACIDITY,PRODUCT_SODA,PRODUCT_MATERIAL,PRODUCT_PRICE,PRODUCT_STOCK,PRODUCT_POINT,PRODUCT_THUMBNAIL,PRODUCT_STATUS,PRODUCT_DATE,PRODUCT_AMOUNT) values (90,'고운달 오크 (세트포장)','soju','선물하기 좋은 술','부드러운 고도수 술','오미나라',50,'very-high','low','low','nosoda','other',180000,4,1800,'nhA2-1661127817725-thumb.jpg','판매',to_date('22/12/23','RR/MM/DD'),200);
Insert into PRODUCT (PRODUCT_NO,PRODUCT_NAME,PRODUCT_CATEGORY,PRODUCT_INTRODUCE1,PRODUCT_INTRODUCE2,PRODUCT_COMPANY,PRODUCT_ALCOHOL,PRODUCT_DOSU,PRODUCT_SWEET,PRODUCT_ACIDITY,PRODUCT_SODA,PRODUCT_MATERIAL,PRODUCT_PRICE,PRODUCT_STOCK,PRODUCT_POINT,PRODUCT_THUMBNAIL,PRODUCT_STATUS,PRODUCT_DATE,PRODUCT_AMOUNT) values (91,'강릉소주','soju','차분한 맛이 마치 보리차 같아요','강한 자극 없는 부드러움','자연과 사람들',25,'high','low','low','nosoda','other',6500,12,65,'vexn-1659679767608-1.jpg','판매',to_date('22/12/23','RR/MM/DD'),360);
Insert into PRODUCT (PRODUCT_NO,PRODUCT_NAME,PRODUCT_CATEGORY,PRODUCT_INTRODUCE1,PRODUCT_INTRODUCE2,PRODUCT_COMPANY,PRODUCT_ALCOHOL,PRODUCT_DOSU,PRODUCT_SWEET,PRODUCT_ACIDITY,PRODUCT_SODA,PRODUCT_MATERIAL,PRODUCT_PRICE,PRODUCT_STOCK,PRODUCT_POINT,PRODUCT_THUMBNAIL,PRODUCT_STATUS,PRODUCT_DATE,PRODUCT_AMOUNT) values (92,'밀담 40%','soju','럼콕으로 마시면 꿀맛','홈바 필수템','착한농부',40,'very-high','low','low','nosoda','other',19900,15,199,'r9a3-1653530958733-mildam40_thumbnail.jpg','판매',to_date('22/12/23','RR/MM/DD'),360);
Insert into PRODUCT (PRODUCT_NO,PRODUCT_NAME,PRODUCT_CATEGORY,PRODUCT_INTRODUCE1,PRODUCT_INTRODUCE2,PRODUCT_COMPANY,PRODUCT_ALCOHOL,PRODUCT_DOSU,PRODUCT_SWEET,PRODUCT_ACIDITY,PRODUCT_SODA,PRODUCT_MATERIAL,PRODUCT_PRICE,PRODUCT_STOCK,PRODUCT_POINT,PRODUCT_THUMBNAIL,PRODUCT_STATUS,PRODUCT_DATE,PRODUCT_AMOUNT) values (93,'안동소주 일품 21%','soju','부드러운 목넘김','가성비 좋음','안동소주일품',21,'high','low','low','nosoda','other',5700,10,57,'sn6G-1620622148859-21.jpg','판매',to_date('22/12/23','RR/MM/DD'),350);
Insert into PRODUCT (PRODUCT_NO,PRODUCT_NAME,PRODUCT_CATEGORY,PRODUCT_INTRODUCE1,PRODUCT_INTRODUCE2,PRODUCT_COMPANY,PRODUCT_ALCOHOL,PRODUCT_DOSU,PRODUCT_SWEET,PRODUCT_ACIDITY,PRODUCT_SODA,PRODUCT_MATERIAL,PRODUCT_PRICE,PRODUCT_STOCK,PRODUCT_POINT,PRODUCT_THUMBNAIL,PRODUCT_STATUS,PRODUCT_DATE,PRODUCT_AMOUNT) values (94,'이강주 25%','soju','배와 생강이 들어간','조선시대 명주','전주이강주',25,'high','low','low','nosoda','fruit',13000,10,130,'8gOC-1654847918174-1.jpg','판매',to_date('22/12/23','RR/MM/DD'),375);
Insert into PRODUCT (PRODUCT_NO,PRODUCT_NAME,PRODUCT_CATEGORY,PRODUCT_INTRODUCE1,PRODUCT_INTRODUCE2,PRODUCT_COMPANY,PRODUCT_ALCOHOL,PRODUCT_DOSU,PRODUCT_SWEET,PRODUCT_ACIDITY,PRODUCT_SODA,PRODUCT_MATERIAL,PRODUCT_PRICE,PRODUCT_STOCK,PRODUCT_POINT,PRODUCT_THUMBNAIL,PRODUCT_STATUS,PRODUCT_DATE,PRODUCT_AMOUNT) values (95,'만월 24%','soju','달콤한 복분자의 향','뜨끈한 작열감','착한농부',24,'high','low','low','nosoda','fruit',12000,12,120,'kZM4-1654568625074-thumb.jpg','판매',to_date('22/12/23','RR/MM/DD'),360);
Insert into PRODUCT (PRODUCT_NO,PRODUCT_NAME,PRODUCT_CATEGORY,PRODUCT_INTRODUCE1,PRODUCT_INTRODUCE2,PRODUCT_COMPANY,PRODUCT_ALCOHOL,PRODUCT_DOSU,PRODUCT_SWEET,PRODUCT_ACIDITY,PRODUCT_SODA,PRODUCT_MATERIAL,PRODUCT_PRICE,PRODUCT_STOCK,PRODUCT_POINT,PRODUCT_THUMBNAIL,PRODUCT_STATUS,PRODUCT_DATE,PRODUCT_AMOUNT) values (96,'미상 25%','soju','감귤 소주','부드러움 속 상큼함','시트러스',25,'high','low','low','nosoda','fruit',13000,10,130,'BL4F-1620622982148-미상.jpg','판매',to_date('22/12/23','RR/MM/DD'),350);
Insert into PRODUCT (PRODUCT_NO,PRODUCT_NAME,PRODUCT_CATEGORY,PRODUCT_INTRODUCE1,PRODUCT_INTRODUCE2,PRODUCT_COMPANY,PRODUCT_ALCOHOL,PRODUCT_DOSU,PRODUCT_SWEET,PRODUCT_ACIDITY,PRODUCT_SODA,PRODUCT_MATERIAL,PRODUCT_PRICE,PRODUCT_STOCK,PRODUCT_POINT,PRODUCT_THUMBNAIL,PRODUCT_STATUS,PRODUCT_DATE,PRODUCT_AMOUNT) values (97,'당진소주','soju','구수한 첫인상','달콤쌉쌀한 끝마무리','순성왕매실영농조합',25,'high','low','low','nosoda','other',6500,15,65,'Wlmj-1659680513590-1.jpg','판매',to_date('22/12/23','RR/MM/DD'),360);
Insert into PRODUCT (PRODUCT_NO,PRODUCT_NAME,PRODUCT_CATEGORY,PRODUCT_INTRODUCE1,PRODUCT_INTRODUCE2,PRODUCT_COMPANY,PRODUCT_ALCOHOL,PRODUCT_DOSU,PRODUCT_SWEET,PRODUCT_ACIDITY,PRODUCT_SODA,PRODUCT_MATERIAL,PRODUCT_PRICE,PRODUCT_STOCK,PRODUCT_POINT,PRODUCT_THUMBNAIL,PRODUCT_STATUS,PRODUCT_DATE,PRODUCT_AMOUNT) values (98,'황금보리 25%','soju','풋사과를 깨문 듯','산뜻한 여운','황금보리유한회사',25,'high','low','low','nosoda','fruit',10230,10,102,'Y4mQ-1655369170300-THUMB.jpg','판매',to_date('22/12/23','RR/MM/DD'),375);
Insert into PRODUCT (PRODUCT_NO,PRODUCT_NAME,PRODUCT_CATEGORY,PRODUCT_INTRODUCE1,PRODUCT_INTRODUCE2,PRODUCT_COMPANY,PRODUCT_ALCOHOL,PRODUCT_DOSU,PRODUCT_SWEET,PRODUCT_ACIDITY,PRODUCT_SODA,PRODUCT_MATERIAL,PRODUCT_PRICE,PRODUCT_STOCK,PRODUCT_POINT,PRODUCT_THUMBNAIL,PRODUCT_STATUS,PRODUCT_DATE,PRODUCT_AMOUNT) values (99,'솔섬 17%','soju','달짝지근한 맛','가성비 좋은 소주','강산명주',17,'middle','low','low','nosoda','nut',7000,15,70,'nTtJ-1634014502860-솔섬+17.jpg','판매',to_date('22/12/23','RR/MM/DD'),375);
Insert into PRODUCT (PRODUCT_NO,PRODUCT_NAME,PRODUCT_CATEGORY,PRODUCT_INTRODUCE1,PRODUCT_INTRODUCE2,PRODUCT_COMPANY,PRODUCT_ALCOHOL,PRODUCT_DOSU,PRODUCT_SWEET,PRODUCT_ACIDITY,PRODUCT_SODA,PRODUCT_MATERIAL,PRODUCT_PRICE,PRODUCT_STOCK,PRODUCT_POINT,PRODUCT_THUMBNAIL,PRODUCT_STATUS,PRODUCT_DATE,PRODUCT_AMOUNT) values (100,'진도 아리랑 홍주 40%','soju','지초의 영롱한 다홍빛','색과 향 모두 화려해','진도아리랑',40,'very-high','low','low','nosoda','fruit',17900,19,179,'RAOD-1640251151610-진도 아리랑 홍주.jpg','판매',to_date('22/12/23','RR/MM/DD'),375);
Insert into PRODUCT (PRODUCT_NO,PRODUCT_NAME,PRODUCT_CATEGORY,PRODUCT_INTRODUCE1,PRODUCT_INTRODUCE2,PRODUCT_COMPANY,PRODUCT_ALCOHOL,PRODUCT_DOSU,PRODUCT_SWEET,PRODUCT_ACIDITY,PRODUCT_SODA,PRODUCT_MATERIAL,PRODUCT_PRICE,PRODUCT_STOCK,PRODUCT_POINT,PRODUCT_THUMBNAIL,PRODUCT_STATUS,PRODUCT_DATE,PRODUCT_AMOUNT) values (101,'담솔','soju','코로 시원하게 들어오는 솔향','마시는 피톤치드','솔송주',40,'very-high','low','low','nosoda','other',22000,15,220,'SWRH-1653554903762-DAM_THUMB.jpg','판매',to_date('22/12/23','RR/MM/DD'),375);
Insert into PRODUCT (PRODUCT_NO,PRODUCT_NAME,PRODUCT_CATEGORY,PRODUCT_INTRODUCE1,PRODUCT_INTRODUCE2,PRODUCT_COMPANY,PRODUCT_ALCOHOL,PRODUCT_DOSU,PRODUCT_SWEET,PRODUCT_ACIDITY,PRODUCT_SODA,PRODUCT_MATERIAL,PRODUCT_PRICE,PRODUCT_STOCK,PRODUCT_POINT,PRODUCT_THUMBNAIL,PRODUCT_STATUS,PRODUCT_DATE,PRODUCT_AMOUNT) values (102,'모리','soju','위스키 라이트 버전','보리로 만든 소주','강산명주',19,'middle','low','low','nosoda','nut',9800,14,98,'h7XN-1629446202484-mori1.jpg','판매',to_date('22/12/23','RR/MM/DD'),375);
Insert into PRODUCT (PRODUCT_NO,PRODUCT_NAME,PRODUCT_CATEGORY,PRODUCT_INTRODUCE1,PRODUCT_INTRODUCE2,PRODUCT_COMPANY,PRODUCT_ALCOHOL,PRODUCT_DOSU,PRODUCT_SWEET,PRODUCT_ACIDITY,PRODUCT_SODA,PRODUCT_MATERIAL,PRODUCT_PRICE,PRODUCT_STOCK,PRODUCT_POINT,PRODUCT_THUMBNAIL,PRODUCT_STATUS,PRODUCT_DATE,PRODUCT_AMOUNT) values (103,'추사백 25%','soju','깔끔하게 느껴지는 사과풍미','부드럽게 넘어가는 사과 증류주','예산사과와인',25,'high','low','low','nosoda','fruit',12000,9,120,'Lgxu-1629700407692-추사백-1.jpg','판매',to_date('22/12/23','RR/MM/DD'),350);
Insert into PRODUCT (PRODUCT_NO,PRODUCT_NAME,PRODUCT_CATEGORY,PRODUCT_INTRODUCE1,PRODUCT_INTRODUCE2,PRODUCT_COMPANY,PRODUCT_ALCOHOL,PRODUCT_DOSU,PRODUCT_SWEET,PRODUCT_ACIDITY,PRODUCT_SODA,PRODUCT_MATERIAL,PRODUCT_PRICE,PRODUCT_STOCK,PRODUCT_POINT,PRODUCT_THUMBNAIL,PRODUCT_STATUS,PRODUCT_DATE,PRODUCT_AMOUNT) values (104,'커피냑','soju','원두를 발효한 꼬냑','커피를 좋아한다면','제주커피수목원',40,'very-high','low','low','nosoda','other',18000,20,180,'yDJF-1655866026401-thumb.jpg','판매',to_date('22/12/23','RR/MM/DD'),200);
Insert into PRODUCT (PRODUCT_NO,PRODUCT_NAME,PRODUCT_CATEGORY,PRODUCT_INTRODUCE1,PRODUCT_INTRODUCE2,PRODUCT_COMPANY,PRODUCT_ALCOHOL,PRODUCT_DOSU,PRODUCT_SWEET,PRODUCT_ACIDITY,PRODUCT_SODA,PRODUCT_MATERIAL,PRODUCT_PRICE,PRODUCT_STOCK,PRODUCT_POINT,PRODUCT_THUMBNAIL,PRODUCT_STATUS,PRODUCT_DATE,PRODUCT_AMOUNT) values (105,'술샘16','soju','달콥씁쓸','오미자 소주','술샘',16,'middle','low','low','nosoda','fruit',12000,10,120,'4vBj-1651137203578-1.jpg','판매',to_date('22/12/23','RR/MM/DD'),375);
Insert into PRODUCT (PRODUCT_NO,PRODUCT_NAME,PRODUCT_CATEGORY,PRODUCT_INTRODUCE1,PRODUCT_INTRODUCE2,PRODUCT_COMPANY,PRODUCT_ALCOHOL,PRODUCT_DOSU,PRODUCT_SWEET,PRODUCT_ACIDITY,PRODUCT_SODA,PRODUCT_MATERIAL,PRODUCT_PRICE,PRODUCT_STOCK,PRODUCT_POINT,PRODUCT_THUMBNAIL,PRODUCT_STATUS,PRODUCT_DATE,PRODUCT_AMOUNT) values (106,'만월 40%','soju','감칠맛이 살아있는 복분자 소주','가슴이 뜨거워지는 작열감','착한농부',40,'very-high','low','low','nosoda','other',18000,10,180,'lssD-1654568699195-thumb.jpg','판매',to_date('22/12/23','RR/MM/DD'),360);
Insert into PRODUCT (PRODUCT_NO,PRODUCT_NAME,PRODUCT_CATEGORY,PRODUCT_INTRODUCE1,PRODUCT_INTRODUCE2,PRODUCT_COMPANY,PRODUCT_ALCOHOL,PRODUCT_DOSU,PRODUCT_SWEET,PRODUCT_ACIDITY,PRODUCT_SODA,PRODUCT_MATERIAL,PRODUCT_PRICE,PRODUCT_STOCK,PRODUCT_POINT,PRODUCT_THUMBNAIL,PRODUCT_STATUS,PRODUCT_DATE,PRODUCT_AMOUNT) values (107,'문경바람 오크 40%','soju','사과 브랜디','인기 혼술 제품','오미나라',40,'very-high','low','low','nosoda','fruit',30000,10,300,'yJy2-1641378321723-mgbr o40 0.jpg','판매',to_date('22/12/23','RR/MM/DD'),375);
Insert into PRODUCT (PRODUCT_NO,PRODUCT_NAME,PRODUCT_CATEGORY,PRODUCT_INTRODUCE1,PRODUCT_INTRODUCE2,PRODUCT_COMPANY,PRODUCT_ALCOHOL,PRODUCT_DOSU,PRODUCT_SWEET,PRODUCT_ACIDITY,PRODUCT_SODA,PRODUCT_MATERIAL,PRODUCT_PRICE,PRODUCT_STOCK,PRODUCT_POINT,PRODUCT_THUMBNAIL,PRODUCT_STATUS,PRODUCT_DATE,PRODUCT_AMOUNT) values (108,'문배술 40%','soju','한국의 고량주','향기로운 꽃향','문배술',40,'very-high','low','low','nosoda','flower',12800,14,128,'mKqs-1626679084535-문배술40-4_썸네일.jpg','판매',to_date('22/12/23','RR/MM/DD'),200);
Insert into PRODUCT (PRODUCT_NO,PRODUCT_NAME,PRODUCT_CATEGORY,PRODUCT_INTRODUCE1,PRODUCT_INTRODUCE2,PRODUCT_COMPANY,PRODUCT_ALCOHOL,PRODUCT_DOSU,PRODUCT_SWEET,PRODUCT_ACIDITY,PRODUCT_SODA,PRODUCT_MATERIAL,PRODUCT_PRICE,PRODUCT_STOCK,PRODUCT_POINT,PRODUCT_THUMBNAIL,PRODUCT_STATUS,PRODUCT_DATE,PRODUCT_AMOUNT) values (109,'금설','soju','금빛 눈보라','조명도 받아가세요','금산인삼주',35,'high','low','low','nosoda','other',35000,12,350,'izr4-1660285384158-resize_-6.jpg','판매',to_date('22/12/23','RR/MM/DD'),375);
Insert into PRODUCT (PRODUCT_NO,PRODUCT_NAME,PRODUCT_CATEGORY,PRODUCT_INTRODUCE1,PRODUCT_INTRODUCE2,PRODUCT_COMPANY,PRODUCT_ALCOHOL,PRODUCT_DOSU,PRODUCT_SWEET,PRODUCT_ACIDITY,PRODUCT_SODA,PRODUCT_MATERIAL,PRODUCT_PRICE,PRODUCT_STOCK,PRODUCT_POINT,PRODUCT_THUMBNAIL,PRODUCT_STATUS,PRODUCT_DATE,PRODUCT_AMOUNT) values (110,'꿀샘16','soju','꿀로 만든 술','달콤한 술','술샘',16,'middle','low','low','nosoda','other',15000,14,150,'Yzps-1653552795046-SAM_THUMB1.jpg','판매',to_date('22/12/23','RR/MM/DD'),375);
Insert into PRODUCT (PRODUCT_NO,PRODUCT_NAME,PRODUCT_CATEGORY,PRODUCT_INTRODUCE1,PRODUCT_INTRODUCE2,PRODUCT_COMPANY,PRODUCT_ALCOHOL,PRODUCT_DOSU,PRODUCT_SWEET,PRODUCT_ACIDITY,PRODUCT_SODA,PRODUCT_MATERIAL,PRODUCT_PRICE,PRODUCT_STOCK,PRODUCT_POINT,PRODUCT_THUMBNAIL,PRODUCT_STATUS,PRODUCT_DATE,PRODUCT_AMOUNT) values (111,'안동소주 일품 40% 골드','soju','안동소주에 오크 한 스푼','달콤한 감칠맛','안동소주일품',40,'very-high','low','low','nosoda','nut',27000,9,270,'lErl-1631177325627-안동소주+일품+골드-4.jpg','판매',to_date('22/12/23','RR/MM/DD'),500);
Insert into PRODUCT (PRODUCT_NO,PRODUCT_NAME,PRODUCT_CATEGORY,PRODUCT_INTRODUCE1,PRODUCT_INTRODUCE2,PRODUCT_COMPANY,PRODUCT_ALCOHOL,PRODUCT_DOSU,PRODUCT_SWEET,PRODUCT_ACIDITY,PRODUCT_SODA,PRODUCT_MATERIAL,PRODUCT_PRICE,PRODUCT_STOCK,PRODUCT_POINT,PRODUCT_THUMBNAIL,PRODUCT_STATUS,PRODUCT_DATE,PRODUCT_AMOUNT) values (112,'서울고량주 레드','soju','중국집에서 마셨던 그 맛','붉은색 라벨로 시선집중','한국고량주',35,'high','low','low','nosoda','fruit',13000,14,130,'hkA6-1666236696597-thumb_red.jpg','판매',to_date('22/12/23','RR/MM/DD'),375);
Insert into PRODUCT (PRODUCT_NO,PRODUCT_NAME,PRODUCT_CATEGORY,PRODUCT_INTRODUCE1,PRODUCT_INTRODUCE2,PRODUCT_COMPANY,PRODUCT_ALCOHOL,PRODUCT_DOSU,PRODUCT_SWEET,PRODUCT_ACIDITY,PRODUCT_SODA,PRODUCT_MATERIAL,PRODUCT_PRICE,PRODUCT_STOCK,PRODUCT_POINT,PRODUCT_THUMBNAIL,PRODUCT_STATUS,PRODUCT_DATE,PRODUCT_AMOUNT) values (113,'겨울소주 25%','soju','부드러움','곡물향','아리랑주조',25,'high','low','low','nosoda','nut',9000,0,90,'4wNn-1623071000960-겨울소주25-5.jpg','품절',to_date('22/12/23','RR/MM/DD'),360);
Insert into PRODUCT (PRODUCT_NO,PRODUCT_NAME,PRODUCT_CATEGORY,PRODUCT_INTRODUCE1,PRODUCT_INTRODUCE2,PRODUCT_COMPANY,PRODUCT_ALCOHOL,PRODUCT_DOSU,PRODUCT_SWEET,PRODUCT_ACIDITY,PRODUCT_SODA,PRODUCT_MATERIAL,PRODUCT_PRICE,PRODUCT_STOCK,PRODUCT_POINT,PRODUCT_THUMBNAIL,PRODUCT_STATUS,PRODUCT_DATE,PRODUCT_AMOUNT) values (114,'추사 40%','soju','사과 브랜디','2019년 대상 받은 증류주','예산사과와인',40,'very-high','low','low','nosoda','fruit',25000,7,250,'Pmvo-1654844288132-THUMB.jpg','판매',to_date('22/12/23','RR/MM/DD'),200);
Insert into PRODUCT (PRODUCT_NO,PRODUCT_NAME,PRODUCT_CATEGORY,PRODUCT_INTRODUCE1,PRODUCT_INTRODUCE2,PRODUCT_COMPANY,PRODUCT_ALCOHOL,PRODUCT_DOSU,PRODUCT_SWEET,PRODUCT_ACIDITY,PRODUCT_SODA,PRODUCT_MATERIAL,PRODUCT_PRICE,PRODUCT_STOCK,PRODUCT_POINT,PRODUCT_THUMBNAIL,PRODUCT_STATUS,PRODUCT_DATE,PRODUCT_AMOUNT) values (115,'매실원주','soju','달콤한 매실주','매실음료 아님!','더한주류',13,'middle','low','low','nosoda','fruit',6200,19,62,'LlIC-1637223491979-매실원주-2.jpg','판매',to_date('22/12/23','RR/MM/DD'),375);
REM INSERTING into PRODUCT_CATEGORY
SET DEFINE OFF;
Insert into PRODUCT_CATEGORY (PRODUCT_CATEGORY) values ('chungju');
Insert into PRODUCT_CATEGORY (PRODUCT_CATEGORY) values ('soju');
Insert into PRODUCT_CATEGORY (PRODUCT_CATEGORY) values ('takju');
Insert into PRODUCT_CATEGORY (PRODUCT_CATEGORY) values ('wine');
REM INSERTING into PRODUCT_CONTENT
SET DEFINE OFF;
Insert into PRODUCT_CONTENT (PRODUCT_NO,PRODUCT_FILE1,PRODUCT_FILE2,PRODUCT_FILE3,PRODUCT_FILE4,PRODUCT_FILE5,PRODUCT_CONT1,PRODUCT_CONT2,PRODUCT_CONT3,PRODUCT_CONT4,PRODUCT_CONT5) values (1,'contents_images-1668653426261-makkult_detail.jpg',null,null,null,null,null,null,null,null,null);
Insert into PRODUCT_CONTENT (PRODUCT_NO,PRODUCT_FILE1,PRODUCT_FILE2,PRODUCT_FILE3,PRODUCT_FILE4,PRODUCT_FILE5,PRODUCT_CONT1,PRODUCT_CONT2,PRODUCT_CONT3,PRODUCT_CONT4,PRODUCT_CONT5) values (6,'contents_images-1634800365216-sycl1.jpg','contents_images-1634800374526-sycl2.jpg','contents_images-1634800382431-sycl3.jpg',null,null,'처음엔 곡물의 담백함과 단맛이 느껴지다가도

목을 넘긴 후부터는 다크 초콜릿을 먹은 듯한

은은한 산미와 달콤씁쓸함이 올라오는 술','전체적으로 쌀의 풍미가 도드라지는 술인 만큼 반주로 즐기기에 좋으며

특히 매운 음식이나 느끼하면서도 짭조름한 음식과 좋은 궁합을 보이는데요.

묵직한 목 넘김이 부담스러운 분들은 얼음을 넣어서 시원하게 마시는 것을 추천해 드립니다!','삼양춘에서 삼양은 ‘쌀을 세 번 더하여 빚는다‘는 의미를

춘은 ‘술은 겨울에 빚어서 봄에 마셔야 맛있다’는 의미가 있는데요.


이름처럼 강화도의 햅쌀을 50일 동안 3번에 걸쳐 나눠 넣어 발효를 진행하고

2~3달의 숙성기간을 거쳐 완성한답니다.


라이트 버전은 기존 삼양춘 탁주의 묵직한 맛을 줄여 달라는 피드백을 받으시고

조금 더 대중성 있게 가벼운 목넘김을 목표로 출시한 술이랍니다!',null,null);
Insert into PRODUCT_CONTENT (PRODUCT_NO,PRODUCT_FILE1,PRODUCT_FILE2,PRODUCT_FILE3,PRODUCT_FILE4,PRODUCT_FILE5,PRODUCT_CONT1,PRODUCT_CONT2,PRODUCT_CONT3,PRODUCT_CONT4,PRODUCT_CONT5) values (7,'contents_images-1642776259539-2.jpg','contents_images-1642776344106-3.jpg','contents_images-1642776357924-4.jpg',null,null,'3시간 이상 냉장고에 차갑게 보관한 뒤에

보글보글 올라오는 탄산을 잘 볼 수 있는 투명한 잔을 준비해주세요.','딸기의 상큼한 향과 산미와 탄산이 있어 기름지거나 특유의 향이 있는 음식과 잘 어울립니다.','찹쌀과 멥쌉을 발효시킨 후 딸기를 더하여 총 5번 발효시켜 만들어진 술인데요.



일반 막걸리와 달리 15°C의 서늘한 온도에서 저온 장기발효를 했으며



장성에서 재배한 설향 딸기를 사용하여 풍부함을 더한 술입니다.',null,null);
Insert into PRODUCT_CONTENT (PRODUCT_NO,PRODUCT_FILE1,PRODUCT_FILE2,PRODUCT_FILE3,PRODUCT_FILE4,PRODUCT_FILE5,PRODUCT_CONT1,PRODUCT_CONT2,PRODUCT_CONT3,PRODUCT_CONT4,PRODUCT_CONT5) values (8,'contents_images-1650013771452-2.jpg','contents_images-1650013776920-3.jpg','contents_images-1650013782143-4.jpg',null,null,'찹쌀 유과에서 느껴질 법한 달콤한 향이 잔 가득 퍼집니다

술을 마시면 새콤한 산미가 입안에 스며들고

이어서 배의 달콤함을 느껴보실 수 있어요.','입에 얇은 막이 생길 정도의 끈적한 마무리를 가졌습니다.

목을 넘긴 뒤에 올라오는 씁쓸함과 강냉이를 씹은 듯한

구수한 맛이 올라와서, 더욱 다채로운 풍미를 선사합니다.','육사시미나 샐러드 같이 가벼운 음식과 함께

곁들여 드시는 것을 추천해 드립니다.',null,null);
Insert into PRODUCT_CONTENT (PRODUCT_NO,PRODUCT_FILE1,PRODUCT_FILE2,PRODUCT_FILE3,PRODUCT_FILE4,PRODUCT_FILE5,PRODUCT_CONT1,PRODUCT_CONT2,PRODUCT_CONT3,PRODUCT_CONT4,PRODUCT_CONT5) values (9,'contents_images-1629269693827-동백꽃,제주-5.jpg','contents_images-1629269682464-동백꽃,제주-2.jpg','contents_images-1629269712618-동백꽃,제주-4.jpg',null,null,'제주도의 싱그러운 한 가득 담긴

''동백꽃, 제주''를 소개합니다!','‘동백꽃, 제주’는 은은하게 풍기는 달달한 향에 청포도 사탕을 먹는 듯한 달콤함이 느껴지는 술이에요.

단맛이 뚜렷한 편이지만 전체적인 맛은 가벼운 편이며

적당한 산미가 단맛과 잘 어우러져 맛있게 즐기기 좋은데요.

단맛의 여운은 길지 않으며, 되려 끝 맛에선 약간의 씁쓸함도 올라오니

끝까지 긴장의 끈을 놓지 말고 즐겨주세요!','달콤하면서도 가벼운 목넘김으로 편안하게 마실 수 있는 ‘동백꽃, 제주’는

술처럼 가볍게 곁들일 수 있는 음식과 잘 어울리는데요.

그 중에서도 치즈나 육포, 소금이 살짝 뿌려진 크래커같이

살짝 짠맛이 있는 음식과 ‘단짠단짠’ 조합으로 즐기기에 좋답니다. :)',null,null);
Insert into PRODUCT_CONTENT (PRODUCT_NO,PRODUCT_FILE1,PRODUCT_FILE2,PRODUCT_FILE3,PRODUCT_FILE4,PRODUCT_FILE5,PRODUCT_CONT1,PRODUCT_CONT2,PRODUCT_CONT3,PRODUCT_CONT4,PRODUCT_CONT5) values (13,'bartender_makeoli_detailpage.mp4','contents_images-1667290422606-fgfg.jpg',null,null,null,null,null,null,null,null);
Insert into PRODUCT_CONTENT (PRODUCT_NO,PRODUCT_FILE1,PRODUCT_FILE2,PRODUCT_FILE3,PRODUCT_FILE4,PRODUCT_FILE5,PRODUCT_CONT1,PRODUCT_CONT2,PRODUCT_CONT3,PRODUCT_CONT4,PRODUCT_CONT5) values (14,null,null,null,null,null,null,null,null,null,null);
Insert into PRODUCT_CONTENT (PRODUCT_NO,PRODUCT_FILE1,PRODUCT_FILE2,PRODUCT_FILE3,PRODUCT_FILE4,PRODUCT_FILE5,PRODUCT_CONT1,PRODUCT_CONT2,PRODUCT_CONT3,PRODUCT_CONT4,PRODUCT_CONT5) values (16,null,null,null,null,null,null,null,null,null,null);
Insert into PRODUCT_CONTENT (PRODUCT_NO,PRODUCT_FILE1,PRODUCT_FILE2,PRODUCT_FILE3,PRODUCT_FILE4,PRODUCT_FILE5,PRODUCT_CONT1,PRODUCT_CONT2,PRODUCT_CONT3,PRODUCT_CONT4,PRODUCT_CONT5) values (24,'contents_images-1661127618007-1.jpg',null,'contents_images-1661127639390-2.jpg',null,null,'첫 잔을 들이켜면 가벼운 산미와

구수하면서도 은은한 단맛을 느낄 수 있어요.

맛이 튀지 않고 조화로워

여럿이 모인 식사 자리에서 다 같이 즐기기에도 좋은 술인데요.

다소 높은 도수지만 부드러운 목 넘김을 가지고 있어

혼자서 마시기에도 편안합니다.','문삼이공 탁주’는 산뜻한 산미와 묵직함으로 입안을 정리해줘

기름진 음식과 같이 마실 때 느끼함을 잘 잡아주는데요.

술맛과 결이 비슷한 새콤달콤한 음식과 함께해도

문삼이공 특유의 산미를 더욱 즐길 수 있답니다.','‘문삼이공 탁주’는 일체의 첨가물 없이

쌀, 직접 띄운 밀누룩, 청정수 3가지 재료만을 사용해서

이양주 방법으로 빚었다는 의미가 있습니다.',null,null);
Insert into PRODUCT_CONTENT (PRODUCT_NO,PRODUCT_FILE1,PRODUCT_FILE2,PRODUCT_FILE3,PRODUCT_FILE4,PRODUCT_FILE5,PRODUCT_CONT1,PRODUCT_CONT2,PRODUCT_CONT3,PRODUCT_CONT4,PRODUCT_CONT5) values (28,'contents_images-1649400739384-2.jpg','contents_images-1649400754921-3.jpg','contents_images-1649400765154-4.jpg',null,null,'연한 분홍색에 잿빛 한 방울을 떨어 트린 듯, 

탁한 분홍빛을 가진 탁주입니다.

돌배가 들어간 술인만큼 배의 단맛이 은은하게 느껴지는데요

입안을 자극하는 쨍한 단맛이 아닌

깔끔한 단맛을 가지고 있기 때문에,

단맛에 거부감이 있으신 분들도 부담 없이 즐길 수 있습니다.

또한 시원한 배향과 물처럼 묽게 흐르는 질감 덕에

청량감 있게 벌컥벌컥 들이켜기도 좋아요.','양념이 강한 요리는 자칫 술의 깔끔한 맛을 가려버릴 수 있어요.

맛과 향이 옅은 술인만큼 담백한 요리와 

드시는 것을 추천해 드립니다.

음식과 술, 둘 다 강렬한 맛을 자랑하지 않지만 담백함으로도

조화로운 술상이 만들어 질 거예요.','수확한 돌배는 깨끗하게 씻은 후

냉장고에서 두 달 동안의 저온 숙성을 거칩니다.

무르게 잘 숙성된 돌배는 진한 단맛과 함께 붉은색을 띠는데요.

숙성된 돌배를 잘게 잘라 쌀과 함께 쪄서 술을 담급니다.

완성된 술은 한 달 동안 숙성 기간을 거친 후 분홍탁주로 완성돼요.

쌀의 흰색과 숙성된 돌배의 붉은색이 혼합되어

비로소 이름에 걸맞은 분홍빛이 탄생하는 것이죠.',null,null);
Insert into PRODUCT_CONTENT (PRODUCT_NO,PRODUCT_FILE1,PRODUCT_FILE2,PRODUCT_FILE3,PRODUCT_FILE4,PRODUCT_FILE5,PRODUCT_CONT1,PRODUCT_CONT2,PRODUCT_CONT3,PRODUCT_CONT4,PRODUCT_CONT5) values (29,'contents_images-1642728865601-2.jpg','contents_images-1642728882875-3.jpg','contents_images-1642728888599-4.jpg',null,null,'우유처럼 부드러운 질감을 가지고 있어 꿀꺽꿀꺽 마시기 좋아요.

다 마신 후에 입안에 생기는 옅은 막마저 우유를 연상시킵니다.

포근하게 느껴지는 단맛이 넘어가고

은은한 씁쓰름함이 올라오는데요.

산뜻하게 올라오는 알콜감 덕에 금방 개운해질 거예요.','튀기거나 진득한 농도를 가진 음식과 드셔보세요!

입안에 남은 텁텁함과 기름진 맛이

술의 묵직한 질감과 함께 싹 내려갈 거예요.

찜닭 같은 짭조름한 음식과도 궁합이 좋은데요.

술의 달콤쌉쌀한 맛이 짠맛을 잘 잡아주고

식욕을 당기는 감칠맛으로 바꿔줄 거예요.','까마귀는 오산시를 상징하는 동물이에요.

여기에 막걸리의 특징인 뽀얀 색이 곁들여져 

‘하얀 까마귀’라는 이름이 붙여졌습니다.

예로부터 흰 동물은 좋은 의미를 상징해왔기 때문에

흉조를 나타내는 검은 까마귀와 달리 길조로 여겨졌어요.

*TMI : 라벨에 그려진 하얀 까마귀는 

‘까미’라는 귀여운 이름을 갖고 있어요.

막걸리를 많이 마셔 몸이 하얘졌다는

재밌는 스토리가 담겨 있답니다!',null,null);
Insert into PRODUCT_CONTENT (PRODUCT_NO,PRODUCT_FILE1,PRODUCT_FILE2,PRODUCT_FILE3,PRODUCT_FILE4,PRODUCT_FILE5,PRODUCT_CONT1,PRODUCT_CONT2,PRODUCT_CONT3,PRODUCT_CONT4,PRODUCT_CONT5) values (27,'contents_images-1649400836779-2.jpg','contents_images-1649400848337-3.jpg','contents_images-1649400865597-4.jpg',null,null,'파스텔톤의 주황색이 존재감을 드러내며 눈길을 사로잡아요.

술을 넘기는 순간 꾸지뽕의 새콤달콤함이

혀에 착 감기면서 주스처럼 부드럽게 넘어갑니다.

혀를 미세하게 자극하는 탄산도 술을 마시는 데에 있어

재미있는 요소로 다가올 거예요.

술을 마신 후에 입안에 남은 라즈베리 향은

오랫동안 머물면서 산뜻한 여운을 선사합니다.

*술에 보이는 붉은색 건더기들은

꾸지뽕에서 나오는 섬유질이므로 안심하고 드세요!','묵직한 풍미를 가진 고기 요리와 드셔보시는 것을 추천해 드려요.

새콤달콤한 술맛은 느끼하고 기름진 맛을 잡아주기 때문에

고기 맛을 물리지 않게끔 도와주거든요.

기름에 튀긴 디저트인 만큼 먹으면

입술이 반들반들하게 코팅되는 도넛과도 잘 어울리는데요.  

술의 색과 걸맞게 디저트로도 화려하게 즐길 수 있을 거예요.','경남 밀양의 지역 농가에서 재배한 꾸지뽕 열매를 사용합니다.

다홍색의 꾸지뽕 열매는 술과 함께 섞였을 때

파스텔톤의 주황 색깔을 만들어내죠.

술을 발효하고 숙성하는 공간에는

﻿항상 클래식을 틀어놓는데요. 

음의 파장이 효모의 활동량에 활발하게 만들어주기 때문에

술의 맛에도 영향을 끼친답니다.',null,null);
Insert into PRODUCT_CONTENT (PRODUCT_NO,PRODUCT_FILE1,PRODUCT_FILE2,PRODUCT_FILE3,PRODUCT_FILE4,PRODUCT_FILE5,PRODUCT_CONT1,PRODUCT_CONT2,PRODUCT_CONT3,PRODUCT_CONT4,PRODUCT_CONT5) values (26,'contents_images-1659320262242-3.jpg','contents_images-1659320277206-2.jpg','contents_images-1659320282414-1.jpg',null,null,'무색, 무취, 무미에 가까운 토란을 가지고

수십 번 도전하고 연구한 끝에 만들어진 ''시향가 탁주''에요 :)

토란이 들어갔나 싶을 정도로

은은한 단맛이 부드럽게 넘어가고요.

한 잔 마시고 난 후엔 씁쓸한 맛과 새콤한 맛이 올라온답니다.','''시향가 탁주''는 전체적으로 맛의 균형이 좋은 술이지만

특히 약간의 씁쓸한 맛이 돋보이는 술이에요.

파전이나 삼겹살처럼 기름지면서 담백한 음식과 함께하면

씁쓸함이 느끼함을 없애줄 거예요.

그 맛을 안 좋아하신다면 맛을 중화시킬 담백한 국물 요리를

한껏 살리고 싶으시다면 다크 초콜릿이나 아몬드를 추천합니다!','피부 미용, 숙면, 다이어트, 우울감 해소, 노화 방지 등

몸에 좋은 효능이 여러 있는 토란!

이 토란의 최대 주산지가 바로

''시향가''가 있는 전라남도 곡성인데요.



곡성의 토란을 사용하여 만드는 시향가 탁주는 그 맛을 인정받아

전라남도를 대표하는 지역 문화 상품으로

많은 사랑을 받고 있습니다.



또한 막걸리에 사용되는 토란뿐만 아니라

쌀, 누룩 모두 전라남도에서 생산되는 재료를 사용함으로써

지역 농가와 상생 관계를 나가고 있는 양조장입니다',null,null);
Insert into PRODUCT_CONTENT (PRODUCT_NO,PRODUCT_FILE1,PRODUCT_FILE2,PRODUCT_FILE3,PRODUCT_FILE4,PRODUCT_FILE5,PRODUCT_CONT1,PRODUCT_CONT2,PRODUCT_CONT3,PRODUCT_CONT4,PRODUCT_CONT5) values (25,'contents_images-1659058457625-2.jpg',null,'contents_images-1659058472496-4.jpg',null,null,'은은한 참외 향을 시작으로

시원한 메론 향이 입 안 곳곳에 스며들어요. 

그 뒤로 생크림 맛 요거트를 먹은 듯한 

달콤새콤함도 느껴볼 수 있습니다. 

텁텁하게 느껴지는 잔여물 없이 술이 깔끔하게 넘어가고 나면, 

입 안에 쫀쫀한 막이 생기는 것을 경험할 수 있습니다. 

게다가 음용 감이 좋고 도수가 낮아서 꿀꺽꿀꺽 넘어갈 거예요.','입안을 매섭게 자극하는 매콤한 음식이어도 걱정하지 말아요. 

마크홀리를 우유처럼 꿀꺽꿀꺽 들이키고 나면, 

생크림 같은 달콤함이 매운맛을 부드럽게 덮어줄 테니까요.

아무리 매운 음식도 마크홀리와 함께 라면 끄떡없답니다.

또한 핫한 분위기로 가득한 성수동에서 만든 힙한 막걸리인 만큼 

친구들과 홈파티를 할 때 한 병씩 챙겨보세요. 

도수가 낮아서 편하게 즐길 수 있을 뿐만 아니라

활기찬 에너지는 덤으로 따라올 거예요.','맥주를 생산하는 어메이징 브루어리의 자회사에서 만든 술인 만큼

마크홀리에는 맥주의 특징이 들어갔어요. 

에일 맥주에 주로 쓰이는 프렌치 세종 효모를 사용했거든요. 

제조 실험 당시 23개의 효모로

각각 술을 빚어 테스트를 진행했을 때, 

가장 평가가 좋았던 효모입니다.

술 라벨에 그려진 마크홀리는

홀리워터 양조장에서 만든 가상의 인물이에요. 

막걸리를 새롭게 바라보는 시선으로 우리나라 사람이 아닌

외국인이라는 설정을 담아 탄생하게 되었죠. 

이름에는 자꾸 발음할수록 막걸리라고 들리게 되는

재미난 요소까지 더했답니다.



마크홀리의 뒤 라벨에는 짧은 만화가 그려져 있어요.

술을 다 마셔보면 알 수 있으니 놓치지 말고 즐겨보세요!',null,null);
Insert into PRODUCT_CONTENT (PRODUCT_NO,PRODUCT_FILE1,PRODUCT_FILE2,PRODUCT_FILE3,PRODUCT_FILE4,PRODUCT_FILE5,PRODUCT_CONT1,PRODUCT_CONT2,PRODUCT_CONT3,PRODUCT_CONT4,PRODUCT_CONT5) values (23,'contents_images-1660892364826-2.jpg','contents_images-1660892397614-4.jpg','contents_images-1660892416108-66.jpg',null,null,'시원한 배의 향이 술 잔 가득 퍼집니다. 

입에 감기는 달달한 맛은 감칠맛으로 번져

혀에 착-! 하고 감기는데요.

마치 잘 익은 홍시를 한 숟갈 떠서 먹은 듯, 

입안을 포근하게 감싸준답니다.



달콤한 맛 뒤에 오는 새콤한 산미는

술의 맛을 더욱 조화롭게 만들어요.

깔끔한 목 넘김 덕분에 청량감 있게 꿀꺽꿀꺽 마시기 좋습니다.','피자처럼 느끼한 음식과 드셔보세요.

새콤한 산미를 가지고 있는 술은 느끼한 맛을 중화시켜줍니다.

또한 달달하면서 가벼운 질감을 가지고 있어 

﻿매콤한 음식과도 잘 어울리는데요.

매운 음식을 먹을 때 청량감 있는 음료수를 찾는 것처럼

표문 막걸리가 그 역할을 톡톡히 해낸답니다. ','한강주조와 대한제분 곰표가 콜라보 하여 탄생한 막걸리예요.

곰표를 뒤집어 놓은 ‘표문’이라는 이름은 막걸리를 마시기 전, 

뒤집어서 흔드는 것에 영감을 얻었다고 해요.

‘막걸리는 올드한 술이다.’라는 인식을 뒤집어

힙한 감성으로 맞바꿈 한 막걸리라고 할 수 있죠!',null,null);
Insert into PRODUCT_CONTENT (PRODUCT_NO,PRODUCT_FILE1,PRODUCT_FILE2,PRODUCT_FILE3,PRODUCT_FILE4,PRODUCT_FILE5,PRODUCT_CONT1,PRODUCT_CONT2,PRODUCT_CONT3,PRODUCT_CONT4,PRODUCT_CONT5) values (22,'contents_images-1651807492513-2.jpg','contents_images-1651807501482-3.jpg','contents_images-1651807509611-4.jpg',null,null,'술을 따르자마자 진한 자줏빛과 묵직한 질감이

시선을 끌게 만듭니다.

흑미로 만든 술인 만큼 잔에 코를 가져다 대면 

고소한 흑미밥 냄새가 올라와요.

술을 머금자마자 입안에 퍼지는 달콤함과 부드러운 질감은

마치 초코 우유를 마신 듯한 기분을 선사합니다.

술을 넘긴 후 입안에 남게 된 옅은 씁쓸함 마저

다크 초콜릿을 떠올리게 할 거예요.','입안을 매섭게 자극하는 매운 음식과 드셔보세요!

담은 블랙은 달콤하고 부드러운 질감을 가지고 있어 

매운 음식으로 달아오른 입안을 달래주는 역할을 하거든요.

매운 음식을 아무리 먹더라도 담은 블랙을 한 잔 곁들이면,

입안은 금방 차분하게 가라앉게 될 거예요.

 

반면, 기름진 음식은 피하시는 것을 추천해 드려요.

부드러운 질감에 산미가 거의 없는 술인만큼

기름진 맛을 잘 잡아주지 못할뿐더러

입안을 텁텁하게 만들 수 있기 때문이죠.','담은 블랙은 생쌀을 곱게 갈아 발효를 하기 때문에

고운 입자감을 자랑해요.

또한 흑미가 들어간 술인만큼 어두운 자주색을 띠고 있죠.

흑미로만 술을 만들게 되면 술의 질감이 무거워진다는

특징이 있는데요.

백미를 함께 넣음으로써 부드러운 질감의 술을

만들 수 있도록 이끌었다고 합니다.

 

담은 막걸리는 ‘구름은 어떤 맛일까?’라는

호기심을 시작으로 탄생하게 되었어요.

라벨의 그림 또한 구름을 연상하게 만드는

이미지를 그려 넣었답니다.

제품 디자인을 전공하신 양조장 대표님의

미적 감각이 만나 만들어진 작품이라고 볼 수 있죠.',null,null);
Insert into PRODUCT_CONTENT (PRODUCT_NO,PRODUCT_FILE1,PRODUCT_FILE2,PRODUCT_FILE3,PRODUCT_FILE4,PRODUCT_FILE5,PRODUCT_CONT1,PRODUCT_CONT2,PRODUCT_CONT3,PRODUCT_CONT4,PRODUCT_CONT5) values (21,'contents_images-1626677187168-나루생막걸리11.5-4.jpg','contents_images-1626677198815-나루생막걸리11.5-3.jpg','contents_images-1626677206289-나루생막걸리11.5-2.jpg',null,null,'
‘나루 생 막걸리 11.5도’는 묵직한 질감을 가진 술인데요.

처음에는 약간의 씁쓸함이 느껴지지만 그 뒤로 달콤한 맛이 나면서

다소 높은 도수를 부담 없이 즐길 수 있도록 도와줍니다.

탄산은 없고

참외나 메론 같은 박과류 풍미를 느낄 수 있는 술인데요.

평소 나루 생 막걸리 6도를 좋아하시고

고도수의 술도 거부감 없이 즐기시는 분들께 추천드려요!','잘 어울리는 안주에는

풍미가 짙은 고기만두나 동그랑땡이 있고요.

기름진 음식과 함께한다면

''나루 11.5도''가 느끼함을 싹~ 잡아줄 거에요.

시중에 판매되고 있는 막걸리와 다르게

높은 도수를 지녔기 때문에

큰 잔보다는 소주잔처럼 작은 잔에 따라 조금씩 천천히 마시거나

얼음을 넣어 도수를 낮춰서 마셔도 괜찮답니다.','나루 생 막걸리는 서울의 특산물 ‘경복궁 쌀’을 사용한

첫 번째 지역 특산주인데요.

이 술을 만드는 ‘한강주조’는 고문헌을 현대적으로 재해석해

우리 술의 새로운 부흥을 일으키고자

젊은 청년들이 모여 운영하는 양조장입니다.

사람의 왕래를 위한 교통로로 사용되었던 나루를

과거와 현재를 연결하는 상징성으로 찾았습니다.',null,null);
Insert into PRODUCT_CONTENT (PRODUCT_NO,PRODUCT_FILE1,PRODUCT_FILE2,PRODUCT_FILE3,PRODUCT_FILE4,PRODUCT_FILE5,PRODUCT_CONT1,PRODUCT_CONT2,PRODUCT_CONT3,PRODUCT_CONT4,PRODUCT_CONT5) values (20,'contents_images-1643389739846-2jpg.jpg','contents_images-1643389754795-3jpg.jpg','contents_images-1643389766641-4jpg.jpg',null,null,'톡톡 터지는 탄산 기포 소리에 집중해 보세요. 

자글자글한 소리에 저절로 귀를 기울이게 될 거예요.

새콤달콤한 포도 향은 입안을 스며들며

입안 가장자리 침샘을 자극합니다.

자칫 강하게 느껴질 수 있는 산미는

찰보리쌀의 고소함으로 감싸질 거예요. ','치즈가 들어간 느끼한 음식과 즐겨보세요!

술이 가진 새콤한 산미는

치즈의 무겁고 느끼한 맛을 산뜻하게 잡아줍니다.

그리고 탄산의 청량감은 한 번 더 입안을 깔끔하게 정돈해 줘요.

느끼한 음식을 먹을 때 탄산음료를 찾게 되듯, 

저절로 술에 손이 가게 될 거예요.','발효 과정 때 전분의 호화가 잘 진행되도록

찰기가 있는 찰보리쌀을 사용합니다.

보리는 술의 고소한 맛과 시원한 청량감을 주는 역할을 하는데요.

그로 인해 술의 산미와 바디감을 조절할 수 있답니다.

마치 맥주 맛 균형을 잡아주는 맥아처럼

찰보리쌀이 그 역할을 똑똑히 해내고 있어요.



술에서 느껴지는 탄산은 발효 과정에서 생기는 천연 탄산이에요.

발효가 완전히 끝나기 전에 병입을 함으로써

따로 탄산가스를 주입하지 않고도 스파클링을 느낄 수 있답니다.',null,null);
Insert into PRODUCT_CONTENT (PRODUCT_NO,PRODUCT_FILE1,PRODUCT_FILE2,PRODUCT_FILE3,PRODUCT_FILE4,PRODUCT_FILE5,PRODUCT_CONT1,PRODUCT_CONT2,PRODUCT_CONT3,PRODUCT_CONT4,PRODUCT_CONT5) values (19,'contents_images-1656438766401-1.jpg','contents_images-1656438772408-3.jpg','contents_images-1656438777351-2.jpg',null,null,'건강한 단맛을 가지고 있는 ''오산 막걸리''는

낮은 도수에 비해 묵직한 질감을 가지고 있어

많은 쌀을 아낌없이 사용해 만들었음을 느낄 수 있습니다.

옅은 단맛으로 시작해 플레인 요거트의 담백함으로 끝나며

적당한 도수와 전체적으로 균형 있는 맛을 가지고 있어

친구, 가족, 연인과 부담 없이 편하게 즐기기 좋은 술입니다.','낮은 도수를 가졌으나 꽤 묵직한 질감을 가지고 있어

벌컥벌컥 마시다 보면 금방 배가 불러오는 술입니다.

따라서 배가 불러오기 전에 안주와 제대로 즐기고 싶다면

계란말이나 견과류 같은 가벼운 안주류와 즐기거나

가볍게 반주로 한두 잔씩 곁들이시는 것을 추천해 드립니다.','오산에서 나는 세마쌀 100%를 사용하고

일체의 합성 첨가물 없이 자연 발효과정을 거쳐 술을 빚습니다.

오산양조의 고향의 애정이 담긴 진정성 있는 한잔, 어떠신가요?',null,null);
Insert into PRODUCT_CONTENT (PRODUCT_NO,PRODUCT_FILE1,PRODUCT_FILE2,PRODUCT_FILE3,PRODUCT_FILE4,PRODUCT_FILE5,PRODUCT_CONT1,PRODUCT_CONT2,PRODUCT_CONT3,PRODUCT_CONT4,PRODUCT_CONT5) values (17,'contents_images-1661127498078-1.jpg','contents_images-1661127511084-2.jpg','contents_images-1661127533442-3.jpg',null,null,'‘문삼이공 잣’은 입에 침이 고일 정도는 아니지만

꽤 새콤, 달콤, 고소한 맛과

﻿담백한 잣의 풍미를 느낄 수 있는 술이에요.

다소 높은 도수라 작열감도 느껴지지만 부드럽게 넘어가고

달콤, 고소한 맛이 금방 치고 올라오므로

반주로도 홀짝홀짝 마시기 좋은 술이랍니다 :)','잣의 풍미를 잘 느끼기 위해선

시원한 온도(4℃)에서 음용 하시는 걸 추천해 드리고요.

담백하면서도 감칠맛 나는 육류 요리와 함께한다면

고소한 잣의 풍미를 더욱 풍부하게 느낄 수 있을 거예요.

또, 단맛이 있는 술이기 때문에

매콤한 음식과 함께한다면 매운맛도 중화시켜 준답니다.','''문삼이공 잣''에 사용된 잣은 ‘황잣’이라 불리는 잣이에요.

우리가 흔히 먹는 ‘백잣’과는 다르게

‘황잣’은 껍질을 벗기지 않은 형태이며

백잣보다 향과 맛이 짙은 게 특징이랍니다.',null,null);
Insert into PRODUCT_CONTENT (PRODUCT_NO,PRODUCT_FILE1,PRODUCT_FILE2,PRODUCT_FILE3,PRODUCT_FILE4,PRODUCT_FILE5,PRODUCT_CONT1,PRODUCT_CONT2,PRODUCT_CONT3,PRODUCT_CONT4,PRODUCT_CONT5) values (18,'contents_images-1621576358095-설하담-1.png','contents_images-1621576374225-설하담-2.png','contents_images-1621576392062-설하담-3.png',null,null,'부산에서 만들어지는 ‘설하담’은 다른 첨가물 없이 쌀과 물

그리고 누룩만으로 빚은 프리미엄 막걸리예요.

배, 참외에서 느껴지는 은은한 향과

조화를 이루는 새콤한 맛 덕에 계속해서 손이 가는데요.

술술 넘어가는 부드러운 목 넘김과

첨가물이 없어 깔끔한 뒷맛 때문에

시원하게 한 잔 쭉 마시기에도 제격입니다!','설하담은 특별한 안주 없이 즐겨도 좋을 정도로 깔끔해서

담백한 음식과 함께 즐기기에 좋은 술입니다.

막걸리 특유의 잔여물이 적고 향이 시원하게 나는 술이므로

일반적인 탁주 잔도 좋지만

와인 잔에 담아 향을 느끼며 마시는 것도 좋습니다.','흰 눈처럼 깔끔하게 즐길 수 있는 ‘설하담’은

감미료를 사용하는 대신에 쌀의 함량을 높여

쌀 본연의 단맛을 느낄 수 있으며

오랜 시간 저온에서 숙성하고 침전물을 걸러낸 덕에

부드럽고 깔끔하게 마실 수 있는 술입니다.',null,null);
Insert into PRODUCT_CONTENT (PRODUCT_NO,PRODUCT_FILE1,PRODUCT_FILE2,PRODUCT_FILE3,PRODUCT_FILE4,PRODUCT_FILE5,PRODUCT_CONT1,PRODUCT_CONT2,PRODUCT_CONT3,PRODUCT_CONT4,PRODUCT_CONT5) values (15,'contents_images-1657767164117-1.jpg','contents_images-1657767174775-2.jpg','contents_images-1657767180516-3.jpg',null,null,'삼양춘은 프리미엄 탁주 중 드물게

단맛이나 신맛이 크게 도드라지지 않습니다.

적당한 단맛과 산미가 끝에 적절한 쓴맛과 함께 어우러져

좋은 밸런스를 이루는데요.

특유의 진한 쌀향과 혀에 남는 고운 입자의 쌀 잔감이

좋은 술을 마신다는 느낌을 남깁니다.

질리지 않는 맛을 가지고 있어 혼술로 또는 연인, 친구들, 가족과

프리미엄 탁주 ''삼양춘'' 한잔 어떠신가요?','삼양춘은 일반 백반상하고 즐기시기 좋습니다.

좋은 밸런스를 가진 ''삼양춘 탁주''를 밥, 반찬, 김치와 함께

한 잔 곁들이면 신세계를 경험해볼 수 있습니다.

12.5도의 깊은 풍미를 가진 막걸리인만큼

와인 잔에 향을 느끼며 즐기시는 것을 추천합니다!','강화도 햅쌀을 이용해 만들고 50일이 넘는 시간 동안

1차, 2차, 3차 발효를 통해 총 세 번 빚는 삼양주인 ''삼양춘''은

숙성 기한 또한 70일~100일 동안 거쳐

맛과 풍미가 한층 더 깊어집니다.

예로부터 맛과 향이 뛰어난 고급술의 이름에만 붙었다는

‘춘''자가 무색하지 않은 프리미엄 탁주입니다.',null,null);
Insert into PRODUCT_CONTENT (PRODUCT_NO,PRODUCT_FILE1,PRODUCT_FILE2,PRODUCT_FILE3,PRODUCT_FILE4,PRODUCT_FILE5,PRODUCT_CONT1,PRODUCT_CONT2,PRODUCT_CONT3,PRODUCT_CONT4,PRODUCT_CONT5) values (12,'contents_images-1626677251971-나루생막걸리6-3.jpg','contents_images-1626677257879-나루생막걸리6-2.jpg','contents_images-1626677265468-나루생막걸리6-1.jpg',null,null,'일반 막걸리의 쌀 함유량이 10%인 것에 비해

20%의 높은 쌀 함유량으로

첨가물 없이 은은하면서도 확실한 단맛을 있습니다.

또한 부드러운 목 넘김에 몇 잔이든 마실 수 있을 것만 같은데요.

소풍이나 캠핑장에서 가볍게 한잔하기 좋고

친구들과 모임에서도 넉넉한 용량으로 나눠 마시기에도 좋습니다.','''나루 생 막걸리''는 담백하면서 중후한 풍미가 있는

발효 식품과 함께 할 때 좋은데요.

술이 갖고 있는 감칠맛과 단맛의 적절한 균형을 헤치지 않으면서

맛있는 한 잔을 즐길 수 있답니다.





아! ‘단짠’과 ‘단단’의 조합은 진리이지만

지나치게 달거나 짠 음식은

﻿술의 맛을 해칠 수도 있으니 유의하세요.





또한 멜론이나 참외, 바나나 향이 풍부하게 나서

와인 잔 또는 입구가 좁아지는 잔에 담아

향을 맡은 후에 마신다면 술맛을 더 깊이 느낄 수 있답니다 :) ','''나루 생 막걸리''는 서울의 특산물 ‘경복궁 쌀’을 사용한

첫 번째 지역 특산주인데요.

2020년 네이버 광고를 통해

''전통주'' 신드롬을 일으킨 주인공이기도 합니다 :)',null,null);
Insert into PRODUCT_CONTENT (PRODUCT_NO,PRODUCT_FILE1,PRODUCT_FILE2,PRODUCT_FILE3,PRODUCT_FILE4,PRODUCT_FILE5,PRODUCT_CONT1,PRODUCT_CONT2,PRODUCT_CONT3,PRODUCT_CONT4,PRODUCT_CONT5) values (11,'contents_images-1626521120457-술취한원숭이-4.jpg','contents_images-1626521129772-술취한원숭이-3.jpg','contents_images-1626521260390-술취한원숭이-1.jpg',null,null,'요구르트 같은 상큼한 맛 뒤에

씁쓸한 여운을 느낄 수 있는 술인데요.

묵직해 보이는 외관과는 달리

부드럽고 가볍게 넘어가는 술이므로

편안하게 마실 수 있을 거예요.','상큼한 맛은 물론, 곡물의 풍미가 그대로 살아있어서

양념된 육류 요리와 궁합이 좋은데요.

양념 중에서도 달고 짠 맛이 복합적으로 나는 요리들과 함께 한다면

술이 금새 사라지는 경험을 하실 수 있을 거예요 :)','술취한 원숭이의 붉은 장밋빛은 색소가 아닌

‘홍국’이라는 쌀을 사용한 덕에 발현되는 색인데요.

일반 쌀에 ‘홍국균’이라는 붉은 곰팡이를

자연 발효시켜 만든 특별한 쌀이랍니다.


또 사람이 술에 취했을 때 하는 모든 행위가

라벨에 담겨있다니 재밌지 않으신가요?',null,null);
Insert into PRODUCT_CONTENT (PRODUCT_NO,PRODUCT_FILE1,PRODUCT_FILE2,PRODUCT_FILE3,PRODUCT_FILE4,PRODUCT_FILE5,PRODUCT_CONT1,PRODUCT_CONT2,PRODUCT_CONT3,PRODUCT_CONT4,PRODUCT_CONT5) values (4,'contents_images-1626522065176-붉은원숭이-3.jpg','contents_images-1626522072238-붉은원숭이-1.jpg','contents_images-1626522092554-붉은원숭이-2.jpg',null,null,'새콤하지 않은 편이며, 카스테라 같이 부드럽고

옅은 단맛을 갖고 있는데요.

감미료를 사용하지 않고 단맛을 낸 덕에

입안에 오래 남지 않아 깔끔한 맛을 자랑한답니다.

한 모금씩 계속 마시다 보면 부드러움에 빠져

담백함까지 느낄 수 있을 거예요.','전체적으로 맛이 강하지 않고 편하게 마실 수 있는 술이라서

가벼운 안주류와 마시기 좋은데요.

도수에 비해 바디감이 높지 않아서 안주 없이

술만 마셔도 부담 없이 즐길 수 있을 거예요.','붉은 원숭이 해인 2016년에 출시하여

그 해를 모티브로 만들어진 술입니다.

붉은 원숭이의 붉은 장밋빛은 색소가 아닌,

‘홍국’이라는 쌀을 사용한 덕에 발현되는 색인데요.

일반 쌀에 ‘홍국균’이라는 붉은 곰팡이를

자연 발효시켜 만든 특별한 쌀이랍니다.



또 사람이 술에 취했을 때 하는 모든 행위를

라벨에 담아놨다니 재밌지 않으신가요?',null,null);
Insert into PRODUCT_CONTENT (PRODUCT_NO,PRODUCT_FILE1,PRODUCT_FILE2,PRODUCT_FILE3,PRODUCT_FILE4,PRODUCT_FILE5,PRODUCT_CONT1,PRODUCT_CONT2,PRODUCT_CONT3,PRODUCT_CONT4,PRODUCT_CONT5) values (2,'contents_images-1668150672973-3.jpg','contents_images-1668150679942-2.jpg','contents_images-1668150701079-1.jpg',null,null,'자글자글한 탄산 소리가 귀를 먼저 반겨줍니다.

술을 한 모금 마시면, 

멜론의 말랑말랑한 과육을 한 입 깨문 듯한

달콤함이 입 안을 가볍게 훑고 지나가요.

게다가 쌀에서 느낄 수 있는 고소함도

은은하게 느낄 수 있을 거예요.

낮은 도수에 가볍게 즐기기에

적당한 용량을 갖추고 있는 술인 만큼,

차갑게 칠링해서 오픈하자마자

바로 벌컥벌컥 드시는 것을 추천해드려요.','가벼운 술맛처럼 무겁지 않은 산뜻한 음식과 함께 해보세요.

너무 짙은 풍미를 가진 음식은 술맛을 전부 가려버릴 수 있거든요.

손으로 간편하게 집어 먹을 수 있는 안주나

과일・채소의 신선함을 느낄 수 있는 샐러드라면,

비슷한 분위기의 술맛과 음식 맛 모두 돋보이게 만들어줄 거예요.','전라남도 곡성의 머스크 멜론은 1982년부터 재배를 시작하여



현재의 곡성에서 재배하는 과일 중 1등 매출을 자랑하지만,

계절 한정적인 재배 조건 때문에 1년 내내 맛보기가 어렵다고 해요.

양조장 대표님은 곡성의 달콤한 멜론을

술로 만들어 사시사철 즐길 수 있도록 

3년이 넘는 시간 동안 레시피를 연구해가며

멜론 막걸리를 개발했어요.

게다가 술에 우리나라의 막걸리를

세계 곳곳에 알리고자 하는 대표님의 소망을 담아냈는데요.

그 꿈이 저 멀리 우주까지 펼쳐지기를 바라는 마음으로 

우주멜론미라는 재미있는 이름이 붙여지게 됐어요.',null,null);
Insert into PRODUCT_CONTENT (PRODUCT_NO,PRODUCT_FILE1,PRODUCT_FILE2,PRODUCT_FILE3,PRODUCT_FILE4,PRODUCT_FILE5,PRODUCT_CONT1,PRODUCT_CONT2,PRODUCT_CONT3,PRODUCT_CONT4,PRODUCT_CONT5) values (10,'contents_images-1631681533857-백련+미스티-3.jpg','contents_images-1631681541059-백련+미스티-4.jpg','contents_images-1631681701587-백련+미스티-2.jpg',null,null,'단맛과 산미, 고소함이 안개처럼 은은하게 풍기는 술이에요.

처음에는 참외의 하얀 과육이 생각날 정도로

싱그러운 풍미가 느껴지다가도

어느 순간 누룽지를 닮은 고소함으로 변하기도 하는데요.

살균 처리를 한 술이라 부드러운 목 넘김도 자랑하고 있으니

편안하게 즐겨보세요 :)','전체적으로 맛이 가벼워 살짝 심심하게 느껴질 수도 있는데요.

튀지 않는 맛 덕분에 대부분의 음식과 잘 어울리는 편입니다!

특히 막걸리의 영원한 단짝인

전, 부침개 같은 요리와 함께 즐기기에 좋아요.','‘백련 미스티’는 [신평 양조장]에서 만드는 탁주인데요.

당진 해나루 쌀과

3대째 이어진 전통 방식인 ‘옹기 발효’를 통해 만들어집니다.



또한, 술에 백련(하얀 연꽃)을 사용하여

은은한 연잎의 풍미와 더불어

삼양주 술답게 깊은 곡물의 풍미를 느낄 수 있는 술입니다 :)',null,null);
Insert into PRODUCT_CONTENT (PRODUCT_NO,PRODUCT_FILE1,PRODUCT_FILE2,PRODUCT_FILE3,PRODUCT_FILE4,PRODUCT_FILE5,PRODUCT_CONT1,PRODUCT_CONT2,PRODUCT_CONT3,PRODUCT_CONT4,PRODUCT_CONT5) values (5,'hoho (1).jpg','hoho (2).jpg','hoho (3).jpg',null,null,'잔에 술을 따라 천천히 돌린 뒤 향을 맡아보세요. 

시원한 참외 향이 은은하게 퍼진답니다. 

술을 한 입 머금으면 호박죽에서 느낄 법한

달콤함과 구수함이 느껴져요. 

호박죽 같은 부드러움은 술의 질감에서도 비롯되지만, 

넘긴 뒤에는 목 끝에서 살짝 텁텁하게 마무리됩니다.','채소를 함께 곁들여서 먹는 고기 요리를 추천해드려요.

채소의 수분감이 술의 끝맛에서 올라오는 쌉쌀한 알코올을

살포시 눌러주는 역할을 하거든요.

그리고 고기의 풍부한 육즙이 단호박의 풍미와 합쳐지면서

입 안의 침샘을 자극할 거예요.','도넛 모양의 구멍떡을 빚어서 1차 발효하고

찹쌀 고두밥과 단호박을 넣어 2차 발효까지 마친 뒤, 

항아리에서 숙성까지 거쳐야만 호호로 완성돼요. 

이 모든 시간은 100일이라는 긴 시간이 걸린답니다. 



단호박이 들어갔을 뿐만 아니라, 

술을 드시는 모든 분이 술의 이름처럼

항상 웃기를 바라는 마음을 담아 호호라고 지었다고 해요.',null,null);
Insert into PRODUCT_CONTENT (PRODUCT_NO,PRODUCT_FILE1,PRODUCT_FILE2,PRODUCT_FILE3,PRODUCT_FILE4,PRODUCT_FILE5,PRODUCT_CONT1,PRODUCT_CONT2,PRODUCT_CONT3,PRODUCT_CONT4,PRODUCT_CONT5) values (3,'contents_images-1655692314810-1.jpg','contents_images-1655692342414-2.jpg','contents_images-1655692352267-3.jpg',null,null,'대부분의 막걸리에서 느끼기 힘든

자연 탄산과 자연 발효에서 오는 산미의 조화는

''복순도가''에서만 느낄 수 있는 매력이에요.

처음에 가라앉아있는 쌀 지게미를 따로 섞을 필요 없이

뚜껑을 열었다 닫았다 하며 올라오는 탄산으로

자연스럽게 섞이는 발효의 예술을 확인해보세요!

샴페인처럼 톡톡 튀는 막걸리인 만큼

주변 사람들과 축배를 들 때 정말 잘 어울리는 술이에요!','탄산만큼이나 산미가 톡톡 튀는 막걸리인 만큼

기름진 음식과 드실 때 더욱 잘 어울립니다.

각종 육류나, 짜장면과 같이 기름진 요리와 함께 즐기시면

마리아주의 신세계를 느끼실 수 있을 거예요.

다만 탄산이 매우 강한 막걸리여서

뚜껑을 살살 열었다 닫았다 반복을 10번 이상 해야

안정적으로 열 수 있습니다 :)','''복순도가''는 울산광역시 울주군에서

''박복순''씨가 직접 손으로 빚어 손 막걸리라 불립니다.

전통 항아리에서 전통 누룩과 국산 쌀로 발효시켜

그 풍미가 한층 더 깊은데요.

발효가 끝나기 전 병입 과정을 통해

살아 숨 쉬는 효모가 만들어낸 천연 탄산이

병 안에 가득 녹아 있답니다.',null,null);
Insert into PRODUCT_CONTENT (PRODUCT_NO,PRODUCT_FILE1,PRODUCT_FILE2,PRODUCT_FILE3,PRODUCT_FILE4,PRODUCT_FILE5,PRODUCT_CONT1,PRODUCT_CONT2,PRODUCT_CONT3,PRODUCT_CONT4,PRODUCT_CONT5) values (47,'contents_images-1661127741801-2.jpg','contents_images-1663293812622-4.jpg','contents_images-1663293824889-1.jpg',null,null,'술을 한잔 따르고 냄새를 맡으면

은은한 과일 향이 올라오는데요.

한 모금을 마시면 찹쌀에서 나온 그윽하고 고급스러운 단맛이

입안을 가득 채웁니다.

부모님 또는 웃어른, 중요한 자리에서

술의 의미와 함께 즐겨보시면 어떨까요?','술을 잘 못 마시는 사람도 마실 수 있을 만큼

부드러운 약주인데요.

끈적할 정도로 강한 단맛 때문인지

매운 음식과 함께 할 때 좋답니다.

음용 온도에 따라서도 다른 맛과 향을 보여주는데요.

냉장고에 꺼내서 시간에 따라 변하는 맛과 향을 느껴보세요.','''우리술 오늘 약주''는 호산춘의 레시피를 사용해 만든 술인데요.

호산춘은 술을 빚는 방법을 기록한 옛 고문헌인

주방문에 기록된 술이랍니다.

예로부터 맛과 향취가 좋은 고급술을 가리켜 ‘춘주’라고 했는데

''우리술 오늘 약주''도 그만큼 맛이 좋답니다.',null,null);
Insert into PRODUCT_CONTENT (PRODUCT_NO,PRODUCT_FILE1,PRODUCT_FILE2,PRODUCT_FILE3,PRODUCT_FILE4,PRODUCT_FILE5,PRODUCT_CONT1,PRODUCT_CONT2,PRODUCT_CONT3,PRODUCT_CONT4,PRODUCT_CONT5) values (48,'contents_images-1642382876124-up1.jpg','contents_images-1642382885478-up2.jpg','contents_images-1642382900615-up3.jpg',null,null,'양파가 들어갔다고 마셔보지 않는다면

너무 아쉬울 것 같은 맛이에요.

흔히 생각하는 양파의 알싸한 맛이 아닌

달콤하면서도 누룽지같이 고소한 끝 맛을 가지고 있답니다.

무겁지 않고 가벼운 약주를 찾는 분들에게 추천해 드려요. ','목 넘김이 깔끔하면서 단맛이 있는 술과는

달콤 짭짤한 양념이 배어있는 음식과 잘 어울립니다.

술맛이 요리의 풍미를 가리지 않으면서

기분 좋게 어우러지거든요.

온도가 올라가면 양파의 씁쓸한 맛이 올라올 수 있으니

꼭 시원하게 즐기기로 해요!','국내에서 유일하게 양파를 넣어 만든 술이에요.

자연 마을인 우포에서 생산되는 청정 쌀과

양파를 함께 발효해서 빚습니다.

이 때 사용하는 발효 방법은

창녕군과 우포의 아침이 공동 개발한 독자적인 기술이에요.

그 덕에 양파와 누룩 향은 줄이고

유익한 영양성분들은 그대로 간직한 ‘우포’로 탄생하게 됩니다.',null,null);
Insert into PRODUCT_CONTENT (PRODUCT_NO,PRODUCT_FILE1,PRODUCT_FILE2,PRODUCT_FILE3,PRODUCT_FILE4,PRODUCT_FILE5,PRODUCT_CONT1,PRODUCT_CONT2,PRODUCT_CONT3,PRODUCT_CONT4,PRODUCT_CONT5) values (49,'contents_images-1621591501986-녹파주-3.png','contents_images-1621591508819-녹파주-1.png','contents_images-1621591515755-녹파주-2.png',null,null,'‘녹파주’는 산뜻한 풀내음을 은은하게 풍기는 술입니다.

단맛은 없는 편이며 깔끔하고 담백한 맛이 일품인데요.

산뜻한 산미가 자칫 단조로워 보일 수 있는 맛에

방점을 찍어주기도 한답니다.','깔끔하면서도 담백함과 씁쓸함을 지닌 ‘녹파주’는

담백한 해산물 음식 또는 살짝 기름진 음식과 잘 어울려요.

또한, ‘녹파주’의 산뜻한 향을 잘 느끼기 위해선

시원한 상태로 즐기시는 것을 추천해 드립니다! ','‘녹파주’는 ‘잔에 담긴 빛깔이 마치 푸른 파도같이 맑다.’고

붙여진 이름인데요.

고려시대부터 빚어져 내려온 술로

양반들이 많이 즐겼던 술입니다.

농촌진흥청이 복원하고 현대화시켜 현재 선비의 고장 함양에서

식품 명인 제 27호 박흥선 명인에 의해 빚어지고 있습니다.',null,null);
Insert into PRODUCT_CONTENT (PRODUCT_NO,PRODUCT_FILE1,PRODUCT_FILE2,PRODUCT_FILE3,PRODUCT_FILE4,PRODUCT_FILE5,PRODUCT_CONT1,PRODUCT_CONT2,PRODUCT_CONT3,PRODUCT_CONT4,PRODUCT_CONT5) values (50,'contents_images-1656600977730-1.jpg','contents_images-1656600983530-2.jpg','contents_images-1656600989942-3.jpg',null,null,'물보다 쌀이 더 많이 들어가는 맑은 문희주는

그만큼 짙고 두꺼운 쌀의 단맛이 특징이에요.

첨가물에서 오는 단맛이 아닌 오랜 시간 자연 발효와

숙성에서 오는 단맛을 좋아하시는 분께 추천 드린답니다.','물보다 쌀이 더 많이 들어가는 맑은 문희주는

그만큼 짙고 두꺼운 쌀의 단맛이 특징이에요.

첨가물에서 오는 단맛이 아닌 오랜 시간 자연 발효와

숙성에서 오는 단맛을 좋아하시는 분께 추천 드린답니다.','문희란 이름은 ''문경새재를 넘어

장원급제의 기쁜소식을 알린다''는 뜻이 있습니다.

술 빚는 모든 과정을 손으로 직접 하는 만큼

대량 생산이 어려운 아날로그 제품이에요.





문경의 맑은 물, 유기농 찹쌀, 그리고 직접 빚는 누룩으로

세 번 빚어 만든 삼양주로

황토방에서 100일 이상 숙성해 만든답니다.

숙성용 옹기도 무형문화재 장인이 만드는 옹기라니

대단하지 않나요?',null,null);
Insert into PRODUCT_CONTENT (PRODUCT_NO,PRODUCT_FILE1,PRODUCT_FILE2,PRODUCT_FILE3,PRODUCT_FILE4,PRODUCT_FILE5,PRODUCT_CONT1,PRODUCT_CONT2,PRODUCT_CONT3,PRODUCT_CONT4,PRODUCT_CONT5) values (51,'contents_images-1659320739831-1.jpg','contents_images-1659320745207-2.jpg','contents_images-1659320750004-3.jpg',null,null,'‘술아 매화주’는 싱그러운 봄이 연상되는

상큼한 과실향과 달콤한 꽃 향을 느낄 수 있는 술이에요.

새콤한 맛 뒤에 점점 진해지는 단맛을 느낄 수 있으며

부드러운 목 넘김과 긴 여운으로

부담없이 봄의 정취를 만끽해보세요!','새콤달콤한 ‘술아 매화주’는 치즈가 들어간 샐러드나

레몬 파운드 케이크처럼 상큼하면서 달콤한 디저트류와

잘 어울립니다.

 



야외에서 시원하게 드시고 싶으실 때는

편의점에서 파는 얼음 컵에 ‘술아 매화주’를 넣고

단맛이 없는 탄산수를 각자 기호에 맞게 타서 마시면

가볍게 즐길 수 있습니다!','‘술아 매화주’는 과하주로 불리는 술입니다.

1670년 ‘음식 디미방’에 처음 등장하는 술로

발효주와 증류주를 혼합하여 제조한 조선 시대 대표 명주인데요.





술아원에서 복원한 과하주는

계절마다 대표되는 꽃을 함께 넣어 술을 빚는 특징이 있으며

‘술아 매화주’는 봄을 대표하는 매화꽃을 함께 넣어 만든 술입니다!',null,null);
Insert into PRODUCT_CONTENT (PRODUCT_NO,PRODUCT_FILE1,PRODUCT_FILE2,PRODUCT_FILE3,PRODUCT_FILE4,PRODUCT_FILE5,PRODUCT_CONT1,PRODUCT_CONT2,PRODUCT_CONT3,PRODUCT_CONT4,PRODUCT_CONT5) values (52,'contents_images-1666856228599-1.jpg','contents_images-1666856234219-2.jpg','contents_images-1666856241853-3.jpg',null,null,'‘동몽’은 정말 다채로운 풍미를 느낄 수 있는 생 약주예요.

잘 익은 단호박 향과 단맛과 신맛, 씁쓸한 맛까지

조화롭게 느낄 수 있는데요.

목을 넘긴 후에 올라오는 곡물의 고소 달콤한 풍미까지

놓치지 말고 즐겨보세요 :)','다채로운 풍미를 지닌 ‘동몽’은

작은 잔에 따라 단독으로 천천히 즐기기에 좋은 술인데요.

묵직한 목넘김과 작열감을 느낄 수 있는 술인 만큼

살짝 기름진 음식과 함께 즐겨도 깔끔하게 어우러지며,

담백하고 깔끔한 해산물 요리와도 궁합이 좋습니다.','찹쌀과 단호박 그리고 이양주 기법으로 빚은 ‘동몽’은

감미료 없이도 충분한 단맛을 나타내고 있는 생 약주입니다.

달콤한 풍미는 물론 고소, 씁쓸 등 다채로운 풍미는

직접 빚은 전통 누룩 덕분인데요.

전통 누룩부터 옹기 숙성까지

진짜 전통 수제 방식으로 만들어진 ‘동몽’을

이젠 집에서 즐겨보세요. ',null,null);
Insert into PRODUCT_CONTENT (PRODUCT_NO,PRODUCT_FILE1,PRODUCT_FILE2,PRODUCT_FILE3,PRODUCT_FILE4,PRODUCT_FILE5,PRODUCT_CONT1,PRODUCT_CONT2,PRODUCT_CONT3,PRODUCT_CONT4,PRODUCT_CONT5) values (46,'contents_images-1642382966290-ua1945 1.jpg','contents_images-1642382978001-ua1945 2.jpg','contents_images-1642382991968-ua1945 3.jpg',null,null,'코 끝을 살랑살랑 건들이는 새콤한 시트러스 계열의 향과

다소 쿰쿰한 맛이 만나 독특한 풍미를 내고 있습니다.

단맛보단 톡 쏘는 신맛이 혀를 자극하는 술이라

산미를 좋아하는 분들이라면 고민하지 말고 마셔보세요.','새콤하면서 은은한 과실 향을 가진 술이라

담백한 흰 살 생선회와 먹기 좋아요.

화이트 와인과는 다른 쿰쿰한 신맛이라 다소 느끼할 수 있는

전, 소시지 종류와도 잘 어울린답니다.

시원하게 마실수록 과실의 풍미가 살아나니

꼭 차갑게 마시도록 해요.','현대의 다양한 식문화와 잘 어울리는

우리 술을 만들자는 의도로 나온 술입니다.

쌀·물·누룩만을 사용하고 양조장만의 저온 발효와 숙성법으로

풍미를 극대화했는데요.

이 과정에서 생성된 산뜻한 산미와 아로마로

누룩 향을 줄였답니다.',null,null);
Insert into PRODUCT_CONTENT (PRODUCT_NO,PRODUCT_FILE1,PRODUCT_FILE2,PRODUCT_FILE3,PRODUCT_FILE4,PRODUCT_FILE5,PRODUCT_CONT1,PRODUCT_CONT2,PRODUCT_CONT3,PRODUCT_CONT4,PRODUCT_CONT5) values (45,'contents_images-1640845706278-omgs13 2.jpg','contents_images-1640845712630-omgs13 3.jpg','contents_images-1652253120056-1.jpg',null,null,'좁쌀 특유의 고소한 향을 은은하게 풍기는 술이에요.

물처럼 부드러운 질감에 고소함과 단맛이

은은하면서도 잘 어우러지는데요.

목을 넘긴 후에도 여운이 길지 않아서

깔끔하게 부담 없이 마실 수 있습니다.','짙은 감칠맛 덕에 육회나 치즈처럼

풍부한 맛을 가진 음식과 잘 어울립니다.

여느 약주와 달리 굉장히 부드러운 바디감을 가지고 있어서

시원하게 단독으로 마시는 것을 추천해 드립니다!','‘오메기술’은 몰라도 ‘오메기떡’ 아는 사람 소리 질뤄~~

제주도 방언으로 오메기는 ‘좁쌀’을 뜻합니다.

좁쌀로 빚은 떡을 오메기떡이라고 하는데요.

이것을 발효 시켜 만든 술이 ‘오메기술’입니다.



제주도는 예로부터 현무암 베이스의 지형이라

쌀 농사가 적합하지 않았다고 합니다.

때문에 쌀이 귀했던 제주에서는 쌀 대신

많이 재배하는 차조로 술을 빚기 시작했고

그로 인해 제주만의 특별한 전통주

‘오메기술’이 탄생하게 되었습니다.',null,null);
Insert into PRODUCT_CONTENT (PRODUCT_NO,PRODUCT_FILE1,PRODUCT_FILE2,PRODUCT_FILE3,PRODUCT_FILE4,PRODUCT_FILE5,PRODUCT_CONT1,PRODUCT_CONT2,PRODUCT_CONT3,PRODUCT_CONT4,PRODUCT_CONT5) values (44,'contents_images-1661127341785-1.jpg','contents_images-1661127351003-3.jpg','contents_images-1661127365954-2.jpg',null,null,'‘문삼이공 약주’는 상큼한 과실향과 구수한 누룩 향을

은은하게 내뿜는 약주입니다.

강한 단맛을 가진 술이지만 새콤한 산미와 조합이 좋아

부담스럽지 않게 마실 수 있는 술이에요.

약주 특유의 누룩 향도 없는 편이라 깔끔하게 마실 수 있으며

약간의 작열감도 느낄 수 있답니다!','달짝지근한 맛과 입안을 정리해주는 깔끔한 산미가 있어서

연어 스테이크나 보쌈, 고등어구이처럼

기름진 음식과 함께하기 좋아요.

 



음용 온도에 따라서도 차이를 느낄 수 있는데요.

차갑게 마시면 산미가 두드려져 산뜻하게 마실 수 있고,

살짝 미지근하게 마시면 맛과 향을 풍부하게 느낄 수 있습니다.','‘문삼이공’은

‘3가지 재료(쌀, 누룩, 청정수)’, ‘이양주 공법’, ‘무 첨가료

라는 의미가 있어요.





밤하늘에 떠 있는 달이 그려진 라벨을 보니

밤이 되면 더욱 생각나는 술인데요.

오늘 달빛 아래에서 사랑하는 친구, 연인과

한잔 마셔보는 건 어떨까요? ',null,null);
Insert into PRODUCT_CONTENT (PRODUCT_NO,PRODUCT_FILE1,PRODUCT_FILE2,PRODUCT_FILE3,PRODUCT_FILE4,PRODUCT_FILE5,PRODUCT_CONT1,PRODUCT_CONT2,PRODUCT_CONT3,PRODUCT_CONT4,PRODUCT_CONT5) values (43,'contents_images-1659320514626-3.jpg','contents_images-1659320520074-1.jpg','contents_images-1659320528865-2.jpg',null,null,'‘경성 과하주’는 달콤한 청사과향과 꽃향을 느낄 수 있는 술이에요.

높은 도수를 가졌지만 알콜 특유의 씁쓸함은 없는 편이며,

진한 단맛으로 인해 새콤달콤하게 마실 수 있는데요.

목 끝에 알싸하게 남는 작열감과 구수한 여운까지

천천히 즐겨보세요.','약간의 작열감은 튀김요리와 깔끔하게 잘 어우러지며

진한 단맛은 달콤한 과일류와 함께하기 좋은데요.

전체적으로 술의 맛이 강한 편이라 갈비찜, 고등어조림처럼

뚜렷한 맛을 지닌 음식과도 대체로 잘 어울립니다.','과하주는 ‘여름을 나는 술’로 온도가 높은 여름에

술이 상하지 않도록 발효 과정에 증류주를 혼합하여 숙성한

주정강화 술입니다.





그중 ‘경성 과하주’는 고문헌을 바탕으로 복원했는데요.

여주 햅찹쌀로 빚은 약주에 동증류기로

상압으로 내린 100% 증류원액을 블랜딩하여 만든 과하주입니다.',null,null);
Insert into PRODUCT_CONTENT (PRODUCT_NO,PRODUCT_FILE1,PRODUCT_FILE2,PRODUCT_FILE3,PRODUCT_FILE4,PRODUCT_FILE5,PRODUCT_CONT1,PRODUCT_CONT2,PRODUCT_CONT3,PRODUCT_CONT4,PRODUCT_CONT5) values (42,'contents_images-1642776086424-2.jpg','contents_images-1642776095099-3.jpg','contents_images-1642776107589-4.jpg',null,null,'커피 생두로 만들었을 것이란 생각이 안 들 정도로

기분 좋은 꽃 향이 피어올라요.

음료수처럼 가볍고 달콤하지만,

후미에는 커피를 다 마시고 났을 때 남아있는

원두의 그윽한 향이 은은하게 느껴지는 매력적인 술이랍니다.','원두의 느낌이 살아 있는 술이라

커피랑 같이 먹는 빵류나 다과와 먹기 좋은 술이랍니다.

식사 후 커피 한잔하는 것처럼,

너무 달지 않은 디저트와 함께

조금씩 따라 마시면 기분 좋은 마무리가 될 거예요.','세계 최초로 그린빈(커피생두)을 자연발효 하여 만든

커피 와인이에요.

설탕과 함께 한 달간 발효 후

제주도의 화산송이와 함께 숙성을 거쳐 완성된답니다.

그린빈을 볶지 않고 자연 발효하면

폴리페놀이 다량 함유돼서

건강에도 좋은 술을 마실 수 있다니 놀랍지 않으신가요?',null,null);
Insert into PRODUCT_CONTENT (PRODUCT_NO,PRODUCT_FILE1,PRODUCT_FILE2,PRODUCT_FILE3,PRODUCT_FILE4,PRODUCT_FILE5,PRODUCT_CONT1,PRODUCT_CONT2,PRODUCT_CONT3,PRODUCT_CONT4,PRODUCT_CONT5) values (41,'contents_images-1642729176028-3.jpg','contents_images-1642729182206-4.jpg','contents_images-1642729189919-5.jpg',null,null,'싱그렇게 올라오는 복분자 향이

마치 달콤한 레드와인을 연상케 하는데요.

복분자의 달콤함과 새콤함 산미를 시작으로

고소하고 드라이하게 끝나는 가벼운 술인데요.

잔당감도 없는 편이라 깔끔하게 즐길 수 있답니다.','따뜻한 성질을 가진 복분자는

찬 성질을 가진 돼지고기와 장어와 같은 음식과 잘 어울려요.

특히 ‘복단지‘의 산미는 장어의 비릿함과 기름기를

한꺼번에 잡아 준답니다.

이 외에도 새콤한 샐러드나 달콤한 디저트와 잘 어울리는데요.

마실 땐 꼭 차갑게 마시는 것을 추천해 드립니다!','1540년대에 집필된 <수운잡방>에는 설탕 대신 쌀의 함량을 높여

당도를 보충하는 제조 방법이 기록되어 있는데요.

''복단지''는 복분자의 부족한 단맛을 쌀을 더해 높여 만든 술입니다.

또한 누룩도 함께 넣어 만들었는데요.

그 덕에 과실주가 아닌 약주로 불리게 됐습니다.',null,null);
Insert into PRODUCT_CONTENT (PRODUCT_NO,PRODUCT_FILE1,PRODUCT_FILE2,PRODUCT_FILE3,PRODUCT_FILE4,PRODUCT_FILE5,PRODUCT_CONT1,PRODUCT_CONT2,PRODUCT_CONT3,PRODUCT_CONT4,PRODUCT_CONT5) values (40,'contents_images-1647621997446-2.jpg','contents_images-1647622006700-3.jpg','contents_images-1647622020798-4.jpg',null,null,'식혜를 마신 듯 엿기름의 달큰한 맛이 느껴지는 술이에요.

과하게 달지 않고 끈적임 없이 깔끔하게 넘어가기 때문에 

물리지 않는 달콤한 풍미를 선사하죠. 

술을 마신 후에 남는 은은한 사과 향도

마무리를 산뜻하게 즐길 수 있도록 이끌어줄 거예요.','진한 풍미를 가진 음식과 드셔보시는 것을 추천해 드립니다. 

매화깊은밤은 단맛과 산미, 씁쓸함

어느 하나 튀지 않는 조화로운 맛을 갖고 있는데요.

그 덕에 감칠맛 짙은 음식과 함께 드시면

더욱 복합적인 풍미를 느낄 수 있습니다.

만약 가볍게 즐기길 원하신다면

새콤한 드레싱이 곁들여진 샐러드와 함께 즐겨보세요!

술이 가지고 있는 산뜻한 끝맛과 잘 어우러져

샐러드 하나만으로도 풍부하게 미식 경험을 할 수 있는

술자리가 만들어진답니다.','먼저 쌀・물・누룩으로 두 번의 발효 과정을 거쳐

이양주 방식으로 술을 만들어요.

그 다음 술을 거르고, 서천에서 재배한 청매실로

직접 만든 매실청을 술에 투입합니다.

100일 동안 저온 숙성을 거친 뒤 매실의 맛과 향이 잘 배여진 술은

매화 깊은 밤으로 완성돼요.',null,null);
Insert into PRODUCT_CONTENT (PRODUCT_NO,PRODUCT_FILE1,PRODUCT_FILE2,PRODUCT_FILE3,PRODUCT_FILE4,PRODUCT_FILE5,PRODUCT_CONT1,PRODUCT_CONT2,PRODUCT_CONT3,PRODUCT_CONT4,PRODUCT_CONT5) values (39,'contents_images-1626743829315-청명주.png','contents_images-1626743946948-청명주2 (1).png','contents_images-1626743955754--05.jpg',null,null,'상큼한 과실 향이 무척 풍부한데요.

청포도나 자두같이 새콤한 맛이

﻿진한 단맛과 조화롭게 어우러집니다.

특히 높은 도수에서 오는 적절한 쓴맛이

새콤달콤한 맛을 잡아주어

입안에 오래 남지 않고 깔끔하게 즐길 수 있답니다.','찹쌀 특유의 진득한 단맛을 잘 살린 술이라서

매콤한 탕 요리와 함께하기 좋은데요.

특유의 새콤함이 자칫 비릿할 수도 있는

담백한 생선 살코기의 맛을 잘 살려준답니다.

도수도 높고 술의 맛도 강한 편이라

작은 잔에 조금씩 음미하면서 마시는 걸 추천해 드려요.','청와대에서 2021년 추석 선물주로 선택한 ''청명주''에요.

청명은 ''24절기 중 하나로 하늘이 차츰 맑아진다''는 뜻인데요.

청명주는 바로 이 청명 때의 물을 사용하여 술을 빚는다는

의미로 지어진 절기주입니다.

또한 찹쌀과 재래종 통밀로 만든 누룩으로

저온에서 100일 동안 발효와 숙성을 시켜

향과 맛이 뛰어나답니다.',null,null);
Insert into PRODUCT_CONTENT (PRODUCT_NO,PRODUCT_FILE1,PRODUCT_FILE2,PRODUCT_FILE3,PRODUCT_FILE4,PRODUCT_FILE5,PRODUCT_CONT1,PRODUCT_CONT2,PRODUCT_CONT3,PRODUCT_CONT4,PRODUCT_CONT5) values (38,'contents_images-1662364348648-3.jpg','contents_images-1662364354678-2.jpg','contents_images-1662364360494-1.jpg',null,null,'‘삼양춘 청주’는 과실향을 복합적으로 풍기는 맑은 술이에요.

입안에서 음미하면 처음에는 잘 익은 열대과일 같은 단맛과

살짝 침을 고이게 하는 산미가 조화롭게 느낄 수 있는데요.

부드러운 목 넘김 뒤에 담백하고 깔끔한 여운을 느낄 수 있습니다.','맑고 깔끔한 맛을 지닌 술인 만큼

깔끔하게 먹을 수 있는 일식과 잘 어울리는데요.

그 중에서도 맵지 않고 양념이 강하지 않은

메로구이, 흰 살 생선회, 스키야키 등을 추천합니다.','청주는 누룩이 1% 미만 들어가는 술을 지칭합니다.

‘삼양춘 청주’는 흩임 누룩이라 불리는 입국(백국, 황국 등)과

전통 누룩의 효모를 이용해 빚은 술인데요.

풍미를 늘리기 위해서 약간의 누룩이 들어갔답니다.',null,null);
Insert into PRODUCT_CONTENT (PRODUCT_NO,PRODUCT_FILE1,PRODUCT_FILE2,PRODUCT_FILE3,PRODUCT_FILE4,PRODUCT_FILE5,PRODUCT_CONT1,PRODUCT_CONT2,PRODUCT_CONT3,PRODUCT_CONT4,PRODUCT_CONT5) values (37,'contents_images-1652094675906-hongsam_2.png','contents_images-1652094690260-hongsam_3.png','contents_images-1652094704293-hongsam_1.png',null,null,'달콤한 홍삼향을 풍기는

‘홍삼명주’의 가장 두드러지는 맛은 산미인데요.

처음엔 다소 강하게 느껴지다가도 뒤에서 치고 올라오는

홍삼 특유의 달콤씁쓸함 덕에 금방 평온함을 찾게 될 거예요.

물처럼 맑은 느낌으로 가볍게 마시다 보면

금세 따뜻하게 몸이 달아오를테니 너무 놀라진 마세요 :) ','홍삼은 건강을 위해 챙겨 먹는 식품인데요.

이런 의미를 담아 보양식과 함께 즐긴다면

불끈불끈 힘이 솟아 나실 거에요.

산미가 있고 씁쓸한 맛은

기름진 음식의 느끼함을 싹! 잡아주기도 하는데요.

너무 맛있다고 과음하시면 안됩니다!','‘홍삼 명주’는 곡물이나 과실 없이

4년근의 ‘홍삼’ 만으로 발효 시켜 만든 술입니다.

그 덕에 복잡한 향과 맛 보단

홍삼 본연의 풍미를 풍부하게 느낄 수 있으며

발효 후 최소 1년 이상의 저온 숙성을 통해

깔끔하고 부드러운 목 넘김을 자랑합니다.',null,null);
Insert into PRODUCT_CONTENT (PRODUCT_NO,PRODUCT_FILE1,PRODUCT_FILE2,PRODUCT_FILE3,PRODUCT_FILE4,PRODUCT_FILE5,PRODUCT_CONT1,PRODUCT_CONT2,PRODUCT_CONT3,PRODUCT_CONT4,PRODUCT_CONT5) values (36,'contents_images-1654568861970-2.jpg','contents_images-1654568875141-4.jpg','contents_images-1654568883891-3.jpg',null,null,'향을 맡아보면 우리가 알고 있는 청주 향이

은은하게 풍기는 술입니다.

한 모금 들이켜면

곡물의 고소함과 진득한 단맛을 느낄 수 있는데요.

부드러운 목 넘김 뒤에 옅은 씁쓸함으로 끝나서

마셔도 마셔도 질리지 않는 매력을 지닌 청주랍니다 :)','묵직하게 달달한 맛이

수육이나 순대처럼 자칫 비릴 수 있는 음식의 맛을

제대로 잡아줘요.

아! 해산물과도 정말 꿀조합을 이룬답니다.





또한 마시는 온도에 따라 색다른 맛을 느낄 수 있는데요.

묵직한 바디감과 진한 단맛, 씁쓸한 여운이 좋으신 분은

상온 보관 후에 마시는 것을 추천합니다.

반대로 진한 단맛과 씁쓸한 여운이 부담스러우신 분들은

냉장보관 혹은 언더락으로 즐기면 더욱 좋습니다! ','‘우렁이쌀 청주’는 모내기 후 우렁이를 논에 넣어

친환경 농법으로 재배한 우렁이 (찹)쌀 청주입니다.

우렁이는 맑은 물이 아니면 살기 어려워

깨끗하게 재배된 쌀이라는 안심을 주는데요!

멸균처리를 해서 유통기한도 따로 없답니다.

언제 생길지 모르는 즐거운 모임을 위해 아껴 두는 건 어떨까요?',null,null);
Insert into PRODUCT_CONTENT (PRODUCT_NO,PRODUCT_FILE1,PRODUCT_FILE2,PRODUCT_FILE3,PRODUCT_FILE4,PRODUCT_FILE5,PRODUCT_CONT1,PRODUCT_CONT2,PRODUCT_CONT3,PRODUCT_CONT4,PRODUCT_CONT5) values (35,'contents_images-1650544607124-2.jpg','contents_images-1650544615413-3.jpg','contents_images-1650544623106-4.jpg',null,null,'가을의 정취가 느껴지는 풍부한 국화 향을 가진 술이에요.

꿀처럼 진-득하면서도 담백한 단맛은

부드러운 목 넘김 뒤에 천천히 사라지는데요.

달콤한 여운이 사라지기 전까지!

단맛과 국화의 은은한 풍미를 몽땅 느껴보세요.','향긋한 국화꽃의 향기와 진득한 단맛을 가진 ‘술아 국화주’는

약과나 강정, 백설기처럼 달콤한 디저트와 함께

달달하게 즐기는 것을 추천해 드려요.

또한, 단맛은 매운맛을 중화시켜주기도 하는데요.

적당히 매운맛을 가진 음식과 함께 하기 좋습니다.

 



진득한 단맛이 부담스러우신 분은

냉장 보관해서 약간 차가운 상태로 드시면

가벼워진 단맛을 느낄 수 있을 거예요 :)','‘술아 국화주’는 과하주로 불리는 술입니다.

1670년 ‘음식 디미방’에 처음 등장하는 술로

발효주와 증류주를 혼합하여 제조한 조선 시대 대표 명주인데요.





술아원에서 복원한 ‘술아 국화주’는

햇찹쌀과 가을의 꽃인 국화꽃을 같이 넣고 빚어

가을의 정취를 한 모금 들이킬 수 있는 술입니다.',null,null);
Insert into PRODUCT_CONTENT (PRODUCT_NO,PRODUCT_FILE1,PRODUCT_FILE2,PRODUCT_FILE3,PRODUCT_FILE4,PRODUCT_FILE5,PRODUCT_CONT1,PRODUCT_CONT2,PRODUCT_CONT3,PRODUCT_CONT4,PRODUCT_CONT5) values (34,'contents_images-1643383277395-2jpg.jpg','contents_images-1643383292408-3jpg.jpg','contents_images-1643383301432-4jpg.jpg',null,null,'눈에 덮인 듯, 포근한 두께감을 가진 라벨이 이목을 끌게 만들어요.

맑고 투명한 색과 아주 은은하게 느껴지는 쌀의 향은

눈으로 술을 만들면 이런 맛일까? 생각을 들게 하죠.

물처럼 깔끔하게 넘어가지만

씁쓰름한 뒷맛은 감칠맛을 돌게 할 거예요. ','자극적인 음식은 자칫 깔끔한 술의 맛을

완전히 덮어버릴 수 있어요.

서설이 가진 깨끗하고 맑은 맛을 해치지 않도록

담백한 음식과 드셔보세요!','술샘과 경기도 농업기술원이 협업하여 만든 술이에요.

한국토착효모 배양 알코올 발효를 통해

부드러운 과실 향을 더했답니다.

서설[瑞雪]은 상서로운 눈이라는 뜻을 가지고 있어요.

첫눈이 내렸을 때, 아무도 밟지 않은 눈길처럼

깨끗한 맛을 연상시켜 붙여진 이름입니다.',null,null);
Insert into PRODUCT_CONTENT (PRODUCT_NO,PRODUCT_FILE1,PRODUCT_FILE2,PRODUCT_FILE3,PRODUCT_FILE4,PRODUCT_FILE5,PRODUCT_CONT1,PRODUCT_CONT2,PRODUCT_CONT3,PRODUCT_CONT4,PRODUCT_CONT5) values (33,'contents_images-1630317292556-dan1.jpg','contents_images-1630317301798-dan2.jpg','contents_images-1630317311689-dan3.jpg',null,null,'기존 약주보다 누룩 함량이 높아

누룩향이 한층 더 깔끔하게 고소함으로 다가옵니다.

점성이 높은 단맛을 가지고 있는데

마치 조청의 단맛을 술로 표현한 느낌을 준답니다.

깔끔하고 좋은 술을 즐기며 생각을 나누고 싶은 벗들을 불러

대화를 나눠보는 것은 어떨까요?','진득한 맛을 가지고 있는 단상지교는

풍미가 강한 음식과 잘 어울리는데요.

LA갈비, 떡갈비와 같이 진한 소스의 맛을 가지고 있는 고기류나

짭쪼름한 굴비구이를 곁들이면

훌륭한 페어링을 경험하실 수 있습니다.

이름 그대로 한 두 잔 천천히 음미하면서

대화를 나누기 좋은 술인만큼

스트레이트로 천천히 혹은 묵직한 안주류와 함께

느긋하게 즐기기 좋은 술입니다.','''端想知交''란

단정할 ''단'', 생각할 ''상'', 지식앎 ''지'', 사귈 ''교'' 라 하여

''생각이 단정하고 바르며 배운 지혜를 정겹게 나누다’라는

의미입니다.

집안 대대로 내려져 오는 유씨종가의 가양주를

현대화한 제조기법과 결합시켜 탄생한 술로

특히 양조용 물로 ''지장수''를 사용하는데요.

동의보감에서는 독극물 혹은 독버섯으로 인해 죽어가는 사람에게

지장수 1되 이상을 먹이면 살아난다고 할 만큼

해독에 탁월한 효능을 가진 물로 기록되어 있습니다!',null,null);
Insert into PRODUCT_CONTENT (PRODUCT_NO,PRODUCT_FILE1,PRODUCT_FILE2,PRODUCT_FILE3,PRODUCT_FILE4,PRODUCT_FILE5,PRODUCT_CONT1,PRODUCT_CONT2,PRODUCT_CONT3,PRODUCT_CONT4,PRODUCT_CONT5) values (32,'contents_images-1655691640600-1.jpg','contents_images-1655691647818-2 (2).jpg','contents_images-1655691653994-3.jpg',null,null,'찹쌀의 자연스러운 단맛과 진달래 꽃의 싱그러운 향을

조화롭게 느낄 수 있는 약주입니다.

입 안에 머금고 있으면 꽃 향기가 퍼져 나오면서

부드럽게 넘어가는데요.

높은 도수를 지닌 술 답게 알싸한 여운도 갖고 있답니다.','강하지 않은 산미와 은은한 단맛을 가진 ‘면천 두견주’의 안주로는

월남쌈, 두부 샐러드처럼

새콤달콤하면서도 양념이 강하지 않은 음식을 추천해 드립니다.

또한, 크래커나 견과류와 같은 간단한 스낵류와

가볍고 달콤하게 즐기기 좋습니다.','‘면천 두견주’는 충청남도 당진의 옛 지명인

''면천'' 지역에서 진달래 꽃을 넣어 빚은 약주입니다.





진달래 꽃은 예로부터 약재로 사용되었는데요

고려 개국 공신 복지겸 장군이 고칠 수 없는 병에 걸리자

두견주를 마시고 완치를 했다는 설화가 담겨있습니다.





남북 정상회담의 만찬주로 사용되었으며

국가 무형문화재로 지정 될 만큼 오랜 역사를 지닌 약주입니다.',null,null);
Insert into PRODUCT_CONTENT (PRODUCT_NO,PRODUCT_FILE1,PRODUCT_FILE2,PRODUCT_FILE3,PRODUCT_FILE4,PRODUCT_FILE5,PRODUCT_CONT1,PRODUCT_CONT2,PRODUCT_CONT3,PRODUCT_CONT4,PRODUCT_CONT5) values (31,'contents_images-1655794293969-DH (4).jpg','contents_images-1655794300573-DH (5).jpg','contents_images-1655794307874-DH (2).jpg',null,null,'구수한 쌀 향이 코끝까지 고스란히 전해지는 술이에요. 

그 뒤로 술을 마시자마자 올라오는 은은한 단맛과

풋풋한 산미는 저절로 침이 고이게 만들죠. 

그리고 깔끔한 목 넘김과 함께 술이 넘어가고 나면

쓴맛이 입 안에 살짝 남아 여운을 선사해줄 거예요.','구수한 양념이 된 음식과 함께 드셔보세요. 

갓 지은 밥처럼 구수한 맛을 가득 담은 술인 만큼

음식의 맛과 술맛이 어우러져 두 배의 구수함을 느끼게 해주거든요. 

또한 담백하고 깔끔한 술맛을 가지고 있으므로

식사할 때 반주로 즐기기에도 좋은데요. 

집에 있는 반찬만으로도 손색없이 충분한 안주가 될 거예요.','양조장 대표님의 성함과 출생 연도를 따서 이름 붙인 동학 1957은

쌀과 효모와 입국을 함께 넣고 발효시켜 만든 술이에요. 

발효 과정을 거친 술은 냉동 여과를 통해

맑게 거른 다음 살균한 뒤에 완성됩니다. 

또한 평창동계올림픽 공식 판매주로 선정되어

우리나라의 청주를 널리 알리기도 하였답니다.',null,null);
Insert into PRODUCT_CONTENT (PRODUCT_NO,PRODUCT_FILE1,PRODUCT_FILE2,PRODUCT_FILE3,PRODUCT_FILE4,PRODUCT_FILE5,PRODUCT_CONT1,PRODUCT_CONT2,PRODUCT_CONT3,PRODUCT_CONT4,PRODUCT_CONT5) values (30,'contents_images-1659321057571-2.jpg','contents_images-1659321062780-1.jpg','contents_images-1659321067902-3.jpg',null,null,'새콤달콤한 유자 향 뒤에

고소 담백한 곡물 향을 느낄 수 있는 술이에요.

맛을 보면 유자차로 착각할 만큼 비슷한 맛을 가지고 있는데요.

달콤한 맛이 자연스럽게 사라질 때 쯤

누룩의 고소하고 담백한 맛이 느껴지면서

비로소 약주를 마시고 있음을 깨닫게 될 거예요 :)','와플이나 과일 타르트 같은 디저트류와

달콤하게 즐기기 좋은 술이에요.

음식과 함께한다면 크림 새우나 탕수육을 추천하는데요.

유자의 새콤 쌉싸름한 맛이 느끼한 맛을 싹 잡아줄 거에요.','전남 고흥은 우리나라 유자 생산량 중 43%를 차지하는 곳이에요.

30년 이상 된 고목에서 자란 유자를 술에 넣어 사용하는데요.

나이가 많은 나무는 생산량이 떨어지는 대신

더욱 농축된 당도와 풍미를 지닌 과실을 맺어

﻿프리미엄으로 인정받는다고 합니다.',null,null);
Insert into PRODUCT_CONTENT (PRODUCT_NO,PRODUCT_FILE1,PRODUCT_FILE2,PRODUCT_FILE3,PRODUCT_FILE4,PRODUCT_FILE5,PRODUCT_CONT1,PRODUCT_CONT2,PRODUCT_CONT3,PRODUCT_CONT4,PRODUCT_CONT5) values (82,'contents_images-1659320867024-1.jpg','contents_images-1659320871657-2.jpg','contents_images-1659320876372-3.jpg',null,null,'아로니아는 단맛이 많이 없고 떫은 맛을 내는 탄닌이 많아서

적당한 맛을 내기가 어려운 과실입니다.





향에서도 달지 않은 건조한 베리의 향이 느껴지고

입에 머금으면 바디감은 가볍지만

혀 위의 느껴지는 떫은 맛은 지배적입니다.

와인을 삼키고 나서도 남아있는 떫은 맛은

호불호가 갈릴 요소입니다.





특이한 과실로 양조한 와인을

경험해 보고 싶으신 분들께 추천합니다!','탄닌의 떫은 맛은

낮은 온도로 마실수록 강해지는 경향이 있습니다.

냉장 보관을 한 상태에서

마시기 30분 전에 실온에 꺼내두는 것이 좋습니다.





탄닌감이 강한 아로니아 와인은

양고기, 양념이 강한 음식, 기름진 부위의 고기랑 먹을 때

빛을 발휘합니다 :)','딸기, 사과, 무화과, 오미자 등 과실을 사용해 만든 와인을 생각하면

대다수가 달달한 스위트 와인을 떠올립니다.

하지만 막상 구매해서 마셔보면 몇몇 와인은 전혀 달지 않고

생각한 맛이랑 달라서 놀라신 적이 있으실 거예요.

그 이유는 효모가 과실의 자연적인 당분을 먹이 삼아

﻿알코올을 만들기 때문인데요.

그로 인해 대체로 달지 않고 드라이한 와인 된답니다.',null,null);
Insert into PRODUCT_CONTENT (PRODUCT_NO,PRODUCT_FILE1,PRODUCT_FILE2,PRODUCT_FILE3,PRODUCT_FILE4,PRODUCT_FILE5,PRODUCT_CONT1,PRODUCT_CONT2,PRODUCT_CONT3,PRODUCT_CONT4,PRODUCT_CONT5) values (57,'contents_images-1655865897625-2.jpg','contents_images-1655865909601-1.jpg','contents_images-1655865914913-3.jpg',null,null,'추사 블루는 주말 낮에 즐겨도 좋을 만큼

가볍고 주스처럼 편하게 마실 수 있는 맛이 특징이에요.

적당한 당도와 은은한 새콤함

그리고 아주 살짝 느껴지는 타닌감 (떫은맛)에

그 누구와도 부담없이 함께 즐길 수 있는 와인이에요 :)','블루베리 파이, 케이크 같은 디저트류와 달콤하게 즐겨보세요.

너무 차가운 온도보다는

냉장고에 넣어둔 상태로 보관하다가

마시기 30분 전에 실온에 꺼내둔 다음 마시는 것을 추천하고요.

토닉 워터나 탄산수 그리고 얼음을 넣어 마셔도 좋습니다!','충남 예산에서 유기농으로 재배되는 블루베리를

프랑스에서 직수입한 효모를 이용하여

블루베리 고유의 색감과 맛을

온전히 보존한 추사 블루 스위트에요 :)',null,null);
Insert into PRODUCT_CONTENT (PRODUCT_NO,PRODUCT_FILE1,PRODUCT_FILE2,PRODUCT_FILE3,PRODUCT_FILE4,PRODUCT_FILE5,PRODUCT_CONT1,PRODUCT_CONT2,PRODUCT_CONT3,PRODUCT_CONT4,PRODUCT_CONT5) values (80,'contents_images-1634014663521-혼디주-3.jpg','contents_images-1634014671920-혼디주-5.jpg','contents_images-1637223460304-혼디주_박스없는버전-2.jpg',null,null,'차가울 땐 감귤의 새콤한 산미와 단맛이 제일 먼저 느껴지고

마시다 보면 발효주 특유의 구수하고 담백한 풍미가 느껴지나

여운이 오래 지속되지는 않아요!



또 허브 계열의 신선한 향이 퍼져 나오면서

혀 위에 짭짤한 맛이 남기도 한답니다.

전체적으로 가볍고 알코올감이 잘 느껴지지 않기에

부담 없이 마시기 좋습니다.','먼저 차갑게 보관한 뒤 마시면서

맛의 변화를 느껴보는 것도 재밌답니다.

감귤의 풍미가 느껴지는 술인만큼

새콤한 소스가 곁들여진 음식과 궁합이 좋아요.

혼디주 특유의 상큼함은 기름진 음식의 느끼함도 잘 잡아줍니다.','제주 서귀포시 남원읍 신례리에서 재배한

감귤을 발효시켜 만들었는데요.

남쪽 바다에서 올라오는 따뜻한 해풍을 제일 먼저 맞는

지역으로 감귤을 재배하기에 최적이라고 합니다.

완벽한 자연조건으로 신례리 감귤은 다른 지역보다

더 높은 당도와 단단한 과육을 가진 것으로 유명합니다.',null,null);
Insert into PRODUCT_CONTENT (PRODUCT_NO,PRODUCT_FILE1,PRODUCT_FILE2,PRODUCT_FILE3,PRODUCT_FILE4,PRODUCT_FILE5,PRODUCT_CONT1,PRODUCT_CONT2,PRODUCT_CONT3,PRODUCT_CONT4,PRODUCT_CONT5) values (81,'contents_images-1634891114250-ypg1.jpg','contents_images-1634891122770-ypg2.jpg','contents_images-1634891130825-ypg3.jpg',null,null,'마치 솔잎 같은 포도껍질의 신선한 향이 진하게 올라오는데요.

포도를 한 입 물었을 때 나오는 달콤한 맛은 온데간데없고

새콤한 산미가 입안에 맴돈답니다.

마시는 순간은 가볍게 느껴지지만

삼키고 나서 입안 가득 느껴지는 알코올감과 탄닌감이

부족한 바디감을 채워줘요!','적당한 바디감과 산미가 입안을 감싸고 사라져서

음식을 부르는 술인데요.

짭짤하면서도 담백한 육류 요리와 즐길 경우

담백한 맛이 질리지 않도록 잘 채워줍니다!

온도가 너무 차가울 경우 향이 충분히 나오지 않으니

냉장고에서 꺼낸 후 10분 정도 있다 즐기기로 해요~','여포의 꿈 레드와인 (드라이)는

머스켓 베리 에이(MBA), 켐벨얼리, 산머루 총 3가지 포도품종을

각각 70%, 20%, 10%의 비율로 섞어서 만든 와인인데요.

각 품종의 장점을 최대한 끌어내

복합적이고 풍부한 풍미를 구현하고

긴 여운을 가진 레드 와인입니다 :)',null,null);
Insert into PRODUCT_CONTENT (PRODUCT_NO,PRODUCT_FILE1,PRODUCT_FILE2,PRODUCT_FILE3,PRODUCT_FILE4,PRODUCT_FILE5,PRODUCT_CONT1,PRODUCT_CONT2,PRODUCT_CONT3,PRODUCT_CONT4,PRODUCT_CONT5) values (79,'contents_images-1655865967547-1.jpg','contents_images-1655865972403-3.jpg','contents_images-1655865977629-2.jpg',null,null,'''추사 애플 와인''이 만들어지는 충남 예산은

사과로 유명한 고장입니다.

다른 지역 사과보다 당도가 높고 향이 풍부하므로

와인으로 만들게 되면 농익은 단맛과 가벼운 신맛을

조화롭게 느낄 수 있습니다.

스위트 와인에 가까우므로 밥을 먹고 나서

식후주로 즐기면 딱 좋습니다.','냉장고에 3시간 이상 차갑게 보관한 와인을 개봉한 뒤

공기와의 접촉을 5분~10분 정도 충분히 해주신 후에

마시는 것을 추천해 드립니다.

안주와 함께 하신다면 찜닭처럼 달콤한 간장 베이스의 음식이나

연어나 육회와 같이 담백하면서도 기름진 회 음식과 잘 어울려요!

그리고 와인에는 금가루가 들어가 있어서

살짝 흔들어 드셔야 남들보다 많은 금가루를 얻을 수 있답니다 :)','아름다운 예산 사과밭에서 직접 재배하는 사과를

아이스와인 방식으로 발효시켜

물과 알코올이 한 방울도 들어가지 않은

국산 프리미엄 사과와인입니다.





한 달간 저온 발효와 1년 이상 숙성과정을 거치는

이 와인은 추사(秋史),

즉 가을 이야기라는 뜻을 담았는데요.

예산에서 태어난 추사 김정희 선생의 삶과 정신,

그리고 가을처럼 풍성하고 넉넉한 향과 맛이 담긴

예산 사과와인을 즐겨보세요.',null,null);
Insert into PRODUCT_CONTENT (PRODUCT_NO,PRODUCT_FILE1,PRODUCT_FILE2,PRODUCT_FILE3,PRODUCT_FILE4,PRODUCT_FILE5,PRODUCT_CONT1,PRODUCT_CONT2,PRODUCT_CONT3,PRODUCT_CONT4,PRODUCT_CONT5) values (78,'contents_images-1642143589830-swmm1.jpg','contents_images-1642143604559-swmm2.jpg','contents_images-1642143612886-swmm3.jpg',null,null,'‘스윗마마‘는 깊은 사과의 풍미가 있는 술이에요.

전체적으로 달콤한 맛을 갖고 있어서

술의 쓴맛을 싫어하는 사람들도 맛있게 즐길 수 있는 술인데요.

자칫 느끼하게 다가올 수도 있는 진한 단맛은

시원한 탄산감이 적절하게 잡아주어 깔끔하게 즐길 수 있답니다.','’스윗마마‘가 함께하는 자리라면

꼭! 호두 파이나 마카롱처럼 달콤한 디저트를 준비해서

진리의 ’단맛+단맛’ 조합을 함께 즐겨보세요!

술의 달콤함은 산미를 중화시켜주기도 하는데요.

입맛을 돋우는 새콤한 음식과 식전주로 즐기기에도 좋습니다.





아! ‘스윗마마’의 탄산을 제대로 즐기기 위해선

차가운 상태로 마시는 것이 좋고요.

병을 오픈한 후엔 탄산이 날아가지 않도록

짧은 시간 내에 마시는 것을 추천해요.','어머니의 사랑처럼

부드럽고 달콤한 사과의 맛을 내는 ‘스윗마마’예요.



‘스윗마마’는 사이더(cider)라 불리는 술인데요.

포도로 만든 술을 와인, 사과로 만든 술을 사이더라 부릅니다.

탄산음료인 ‘사이다’와 헷갈려서 벌컥벌컥 마시다 보면 큰일나요!






‘스윗마마’ 한 병에는 사과 2개가 들어가는데요.

330ml라는 부담 없이 마실 수 있는 용량에

사이더의 ‘낮은 도수’와 톡 쏘는 ‘탄산’이라는 특징이 만나

언제 어디서든 가볍게 마실 수 있는

댄싱사이더의 데일리 에디션 제품입니다.',null,null);
Insert into PRODUCT_CONTENT (PRODUCT_NO,PRODUCT_FILE1,PRODUCT_FILE2,PRODUCT_FILE3,PRODUCT_FILE4,PRODUCT_FILE5,PRODUCT_CONT1,PRODUCT_CONT2,PRODUCT_CONT3,PRODUCT_CONT4,PRODUCT_CONT5) values (77,'contents_images-1640251309749-샤토미소 웨딩-2.jpg','contents_images-1640251410538-샤토미소 웨딩-3.jpg','contents_images-1640251461762-샤토미소 웨딩-4.jpg',null,null,'달콤한 복숭아나 자두의 향과는 달리,

맛에서는 싱그러운 산미를 강하게 느낄 수 있는 술인데요.

새콤한 맛에 단맛이 살짝 뒷받침 해줘서 밸런스가 무척 좋답니다.

단순한 단맛만 있어서 스위트 와인에 질린 분들이라도

다시 찾게 되는 술이에요.','혀를 자극하는 새콤한 맛과 끝에서 올라오는 약간의 씁쓸함이

입안을 싹-씻겨줘서 기름진 음식과도 깔끔하게 즐길 수 있는데요.

새콤달콤한 맛 덕에 식전주나 식후주로 가볍게 마시기도 좋아요.

오늘 밤은 영상을 보며 편안하게 자두 와인 한 잔 어떠신가요 :)','결혼하는 딸을 위해 아버지로서 만들게 된 샤토미소 웨딩은

씨를 제거한 자두를 저온에서 발효, 숙성하여 만든 술인데요.

자두나무의 꽃말인 ‘순백’으로

새 신부의 마음을 표현하기 위해 술을 만드셨다고 하니,

무척 로맨틱 하지 않으신가요? :)



자두와인은 여과 과정을 통해 노란빛이 돌 수 있어요.

변질된 것이 아니니 걱정 말고 드셔도 됩니다.',null,null);
Insert into PRODUCT_CONTENT (PRODUCT_NO,PRODUCT_FILE1,PRODUCT_FILE2,PRODUCT_FILE3,PRODUCT_FILE4,PRODUCT_FILE5,PRODUCT_CONT1,PRODUCT_CONT2,PRODUCT_CONT3,PRODUCT_CONT4,PRODUCT_CONT5) values (76,'contents_images-1631774229706-고도리+망고포도+와인-3.jpg','contents_images-1631774308986-고도리+망고포도+와인-4.jpg','contents_images-1631774398193-고도리+망고포도+와인-6.jpg',null,null,'‘고도리 샤인머스캣 와인’은

싱그러운 청포도향이 솔~ 솔~ 풍기는 와인이에요.

한 모금 입에 들이키면 향과 맛에서

포도의 새콤달콤함이 조화롭게 어우러지는데요.



목을 넘긴 후엔 입안 가득 침샘을 자극시키도 하니

식욕 없을 때 이만한 술도 없을 거예요 :)','‘고도리 샤인머스캣 와인’은 한 모금만 마셔도

집 나갔던 입맛이 돌아오게 만드는데요.



식사 하기 전 식전주로 마시기 좋고,

햇빛이 집안을 빼꼼 비춰주는 나른한 오전에

브런치와 맛있고 분위기 있게 즐기기 좋은 술입니다 :)','샤인머스캣은 씹을수록 망고 맛이 난다 하여

‘망고 포도’라고도 불리는데요.

산미는 적고 단맛은 높은 것이 특징이에요.



한편, ‘고도리 샤인머스캣 와인’에 사용되는 샤인머스캣은

[고도리 와인너리]에서 직접 재배하여 사용하는데요.

가을에 포도를 수확하여

10개월 이상 발효, 숙성을 통해 만들어진답니다.',null,null);
Insert into PRODUCT_CONTENT (PRODUCT_NO,PRODUCT_FILE1,PRODUCT_FILE2,PRODUCT_FILE3,PRODUCT_FILE4,PRODUCT_FILE5,PRODUCT_CONT1,PRODUCT_CONT2,PRODUCT_CONT3,PRODUCT_CONT4,PRODUCT_CONT5) values (75,'contents_images-1650535964691-2.jpg','contents_images-1650535974802-3.jpg','contents_images-1650535986843-4.jpg',null,null,'새콤한 향이 지나간 후 견과류에서 느낄 수 있는 고소한 향이 올라와요.

마치 달콤한 화이트 와인을 마신 듯 

입 안 가득 달콤함이 전해집니다.

입 안 가장자리를 자극하는 은은한 산미는

술의 맛이 단맛으로만 지배되지 않도록 받쳐줘요.

술을 마신 뒤 여운이 길지 않은 덕에 

산뜻하게 마무리하기 좋습니다.

16도라는 낮지 않은 도수를 가지고 있기 때문에

달콤한 맛에 홀려 홀짝홀짝 마시다간 금방 취할지도 몰라요!','감칠맛 짙은 음식과 드시는 것을 추천해 드려요.

가볍게 느껴졌던 술의 맛을 허전하지 않도록

풍성하게 채워주는 역할을 한답니다.

묵직한 풍미를 가진 고기 요리는

오히려 술의 맛을 가려버릴 수 있으니 피하시는 것을 추천드려요.','제주도 서귀포 지역에서 피는 유채꽃으로 만든 술이에요.

봄에 채취한 유채꽃을 건조한 뒤 포도당과 효모를 넣고 

45일간의 발효 및 숙성 과정을 거칩니다.

여과와 청징까지 마친 술은 맑은 노란 빛깔을 띠는데요.

마치 눈부시게 아름다운 봄날의 유채꽃밭을 떠오르게 합니다.


제주도의 유채꽃으로 빚은 술이기 때문에 전통주로 분류하지만,

꽃은 과일이나 곡류에 포함되는 재료가 아니기에

약주나 과실주가 아닌 기타주류로 분류된 술이에요.',null,null);
Insert into PRODUCT_CONTENT (PRODUCT_NO,PRODUCT_FILE1,PRODUCT_FILE2,PRODUCT_FILE3,PRODUCT_FILE4,PRODUCT_FILE5,PRODUCT_CONT1,PRODUCT_CONT2,PRODUCT_CONT3,PRODUCT_CONT4,PRODUCT_CONT5) values (74,'contents_images-1654568809355-2.jpg','contents_images-1654568815501-1.jpg','contents_images-1654568819946-3.jpg',null,null,'요새로제는 입안에 담기는 순간

오미자와 라즈베리의 진득한 새콤달콤함이

올라오며 이내 사과의 싱그러움이 느껴지는데요.

이 세 열매는 달짝지근한 조화가 탄산으로 인해

전혀 부담스럽지 않게 다가옵니다.





마시고 나면 입에 약간 남는 단맛과

새콤하게 느껴지는 산미가 느껴지나

여운이 오래 가진 않습니다.','요새로제는 탄산이 강하고 새콤달콤한 프룻펀치와

비슷한 특징을 가지고 있는데요.

추천해 드리는 안주로는 케이크와 같은 디저트류,

드레싱이 강하지 않은 샐러드와 같은 에피타이저류가 있습니다!



음식과 함께 즐기고 싶으시다면

담백한 생선구이나 문어숙회, 물회 같은 해산물류도 괜찮고,

치지(cheesy)한 라쟈나와 같은 음식도 추천해 드립니다.','와인보다 더 가볍게 즐길 수 있는 술로 사랑받고 있는

애플사이더는 사과즙을 발효시켜 강한 탄산과 함께

(주로) 낮은 도수로 가볍게 즐기기 좋은 술이에요.





그 중에서 Yose Rose는

오미자, 라즈베리, 그리고 사과가 블렌딩된

우리나라 특유의 애플사이더 입니다.

Yo se는 스페인어로 "나도 알아!"라는 뜻인데요.

한번 마시면 어디서든 이 술을 안다고 자랑하고 싶은 맛 때문에

Yose Rose라고 지어진 것이 아닐까요?',null,null);
Insert into PRODUCT_CONTENT (PRODUCT_NO,PRODUCT_FILE1,PRODUCT_FILE2,PRODUCT_FILE3,PRODUCT_FILE4,PRODUCT_FILE5,PRODUCT_CONT1,PRODUCT_CONT2,PRODUCT_CONT3,PRODUCT_CONT4,PRODUCT_CONT5) values (73,'contents_images-1642143350823-gdr bsa1.jpg','contents_images-1642143358176-gdr bsa2.jpg','contents_images-1642143366286-gdr bsa3.jpg',null,null,'''고도리 복숭아 와인''은

황도와 백도를 반씩 사용해 만든 스위트 와인입니다.

향을 맡아보면 복숭아 통조림을 딱 열었을 때 느껴지는

복숭아의 농익은 달콤한 향기가 입맛을 돋우는데요.

맛을 보면 입안 가득 복숭아의 향과 맛을 느낄 수 있습니다.','스위트 와인인 ''복숭아 와인''은

최소 4시간 이상 냉장 보관해 차가운 상태로 마시는 것이

복숭아의 아로마 향과 맛을 제일 잘 느낄 수가 있습니다.

집에 큰 통과 얼음이 있으시다면 와인을 마시는 동안에도

차가운 온도를 유지할 수 있도록

통에 넣으신 상태로 즐기시는 것을 추천해드려요.

단맛과 적당한 산미가 있는 와인이라

흰 살 생선요리, 찜 요리, 샐러드와 디저트랑 드시면 좋아요.','복숭아 와인은 GAP인증 받은 복숭아를

8월 말 가장 당이 높고 향기가 무르익었을 때 수확하여

-10도의 낮은 온도에서 20일간 냉동 숙성 시키는데요.

과실의 수분을 얼려 과즙의 당도를 더 높인 상태에서

파쇄, 발효하여 만든 아이스와인 스타일의 와인입니다.',null,null);
Insert into PRODUCT_CONTENT (PRODUCT_NO,PRODUCT_FILE1,PRODUCT_FILE2,PRODUCT_FILE3,PRODUCT_FILE4,PRODUCT_FILE5,PRODUCT_CONT1,PRODUCT_CONT2,PRODUCT_CONT3,PRODUCT_CONT4,PRODUCT_CONT5) values (72,'contents_images-1629269682464-동백꽃,제주-2.jpg','contents_images-1629269693827-동백꽃,제주-5.jpg','contents_images-1629269712618-동백꽃,제주-4.jpg',null,null,'‘동백꽃, 제주’는 은은하게 풍기는 달달한 향에

청포도 사탕을 먹는 듯한 달콤함이 느껴지는 술이에요.

단맛이 뚜렷한 편이지만 전체적인 맛은 가벼운 편이며

적당한 산미가 단맛과 잘 어우러져 맛있게 즐기기 좋은데요.

단맛의 여운은 길지 않으며

되려 끝 맛에선 약간의 씁쓸함도 올라오니

끝까지 긴장의 끈을 놓지 말고 즐겨주세요!','달콤하면서도 가벼운 목 넘김으로

편안하게 마실 수 있는 ‘동백꽃, 제주’는

술처럼 가볍게 곁들일 수 있는 음식과 잘 어울리는데요.

그 중에서도 치즈나 육포, 소금이 살짝 뿌려진 크래커같이

살짝 짠맛이 있는 음식과 ‘단짠단짠’ 조합으로

즐기기에 좋답니다 :)','‘동백꽃 제주’의 연분홍색은 화학적 색소가 아닌

[동백꽃]과 [제주 보리 붉은 누룩]으로부터 오는 색이에요.

알코올 또한 주정이 아닌 발효를 통해

자연적으로 얻게 되는데요.





제주 지역의 동백꽃을 주원료로 빚은 술이라

전통주로 분류되지만

꽃은 과일이나 곡류에 포함되는 재료가 아니기에

탁주나 과실주가 아닌, 기타 주류로 분류되는 술이랍니다.',null,null);
Insert into PRODUCT_CONTENT (PRODUCT_NO,PRODUCT_FILE1,PRODUCT_FILE2,PRODUCT_FILE3,PRODUCT_FILE4,PRODUCT_FILE5,PRODUCT_CONT1,PRODUCT_CONT2,PRODUCT_CONT3,PRODUCT_CONT4,PRODUCT_CONT5) values (71,'contents_images-1663251215755-4.jpg','contents_images-1663251223786-3.jpg','contents_images-1663251230303-2.jpg',null,null,'포도의 흰 과육에서 느낄 수 있는 달콤한 냄새가 올라와요. 

하지만 한 잔 마셔보면 달콤함은 금방 스쳐 지나가고 

청사과의 싱그러운 향이 입 안에서 옅게 퍼지는 것을 느낄 수 있어요. 

그만큼 맛이 진하지 않아 가볍고 산뜻하게 즐기기 좋답니다. 

술을 넘긴 뒤에는 쓴맛이 은은하게 올라오면서

새로운 여운을 선사해줄 거예요.','새콤달콤한 드레싱을 곁들인 샐러드와 함께 드셔보세요. 

드레싱이 술의 산뜻함을 더욱 생동감 있게 만들어주고, 

술이 가지고 있는 쌉쌀한 마무리를 채소의 수분감이 감춰줄 수 있거든요. 

술이 가지고 있는 풋풋함과 샐러드의 신선함이 만나

입 안 가득 산뜻함이 팝콘 터지듯 팡팡 터질 거예요.','청수는 우리나라에서 양조용으로 개발한 포도 품종이에요. 

새콤한 산미를 가진 포도인 만큼

화이트 와인을 만드는 데에 적합하여 주로 쓰이고 있죠.

술에 들어가는 청수는 양조장에서 직접 재배하고 8월에 수학하여, 

한 달의 발효 기간을 거치게 돼요. 

발효가 끝난 후에도 2년 동안 숙성을 통해

깊은 맛을 가진 와인으로 만들 수 있다고 합니다.

미르아토의 ‘미르’는 용, ‘아토’는 선물, 즉 용의 선물이라는 뜻이 있어요. 

양조장이 위치한 용산면의 지명을 따서 지은 순수 우리말 단어입니다.',null,null);
Insert into PRODUCT_CONTENT (PRODUCT_NO,PRODUCT_FILE1,PRODUCT_FILE2,PRODUCT_FILE3,PRODUCT_FILE4,PRODUCT_FILE5,PRODUCT_CONT1,PRODUCT_CONT2,PRODUCT_CONT3,PRODUCT_CONT4,PRODUCT_CONT5) values (70,'contents_images-1658110044565-1.jpg','contents_images-1658110050360-2.jpg','contents_images-1658110056435-3.jpg',null,null,'크라테 로제 드라이는 연다홍색을 띠는 로제 와인이에요.

첫 잔에선 다소 높은 산미를 느낄 수 있지만

서너 잔 마시다 보면 자꾸만 마시고 싶은

새콤함을 느낄 수 있으실텐데요.

새콤한 맛이 식욕을 돋우기 때문에 식전주로 마시기 좋고

달콤한 맛보다는 드라이하고 씁쓸한 맛이 강하답니다.','이 술의 청사과와 장미꽃의 풍미를

더욱 싱그럽게 느끼기 위해서는

차가운 상태에서 음용하시는 것을 추천해 드립니다.





산미와 씁쓸한 맛이 돋보이기 때문에

크림 파스타, 베이컨, 조개 구이처럼

기름지거나 짭조름한 음식과 함께 한다면

느끼하거나 자극적인 맛 없이

맛있고 편안한 페어링을 즐길 수 있을 거예요!','크라테(Krater)는 수도산 와이너리가 위치한 지역의

지형적 특성인 화산 분화구(crater)에

한국(Korea)와인이라는 정체성을 더한 이름입니다.





또한 해발 1317m 청정 수도산에서

정성스레 키운 포도를 사용하여 빚은 와인인데요.

500m 고지이상의 청정지역에 위치하여 하루하루

일교차가 크기 때문에 씨알이 단단하고

과실이 좋아 맛과 향이 뛰어나답니다.





제품들 모두 3년 이상의 오크통 숙성과정을 거쳐 만들어져서

최상의 온도와 습도 조건으로

독특한 풍미를 내는 것이 특징입니다.',null,null);
Insert into PRODUCT_CONTENT (PRODUCT_NO,PRODUCT_FILE1,PRODUCT_FILE2,PRODUCT_FILE3,PRODUCT_FILE4,PRODUCT_FILE5,PRODUCT_CONT1,PRODUCT_CONT2,PRODUCT_CONT3,PRODUCT_CONT4,PRODUCT_CONT5) values (69,'contents_images-1663250247221-4.jpg','contents_images-1663250253566-3.jpg','contents_images-1663250259447-2.jpg',null,null,'딸기잼을 만들려고 설탕과 딸기를 함께 보글보글 조릴 때 나는 

진한 단내를 풍기는 술이에요. 

술을 머금었을 때 입 안을 톡톡 건드리는 

자글자글한 탄산감은 술 마시는 재미를 선사하기도 하죠. 

또한 술이 가지고 있는 달콤함은 마치 포도 사탕을 먹은 듯 

입 안에 착 감기게 될 거예요.

술의 향을 잘 느끼기 위해서는 잔에 마시는 것을 추천해드리지만, 

많지 않은 용량을 가진 만큼 병째로 마시면서

힙한 분위기도 챙겨보세요! ','높은 도수에 대한 부담감 없이 간단하게 한잔 걸치고 싶을 때 

미르아토 로제 스파클링 한 병을 꺼내 보세요. 

많지 않은 용량과 맥주처럼 낮은 도수를 가지고 있어서

가볍게 분위기를 내고자 할 때

한 병만으로도 충분한 술자리가 될 거예요. 

게다가 달콤한 맛을 가지고 있어서 빵에 크림치즈나 잼을 발라

디저트와 함께 드셔도 손색없이 잘 어울린답니다.','우리나라에서 식용 포도로 주로 재배하는

캠벨 포도로 만든 와인이에요. 

충북 영동에서 재배한 포도를 효모와 함께 발효하여 와인을 만들고, 

청량함을 더하기 위해 탄산을 넣으면

미르아토 로제 스파클링으로 만들어집니다. 

보통 스파클링 와인이라 하면

큰 샴페인 병에 담긴 와인을 떠올리겠지만, 

많은 용량을 다 비우기도 전에 탄산이 빠져버릴 수 있다는 점을

고려하여 작은 유리병에 담아 탄생하게 되었어요.

미르아토의 ‘미르’는 용, ‘아토’는 선물, 즉 용의 선물이라는 뜻이 있어요. 

﻿양조장이 위치한 용산면의 지명을 따서 지은 순수 우리말 단어입니다.',null,null);
Insert into PRODUCT_CONTENT (PRODUCT_NO,PRODUCT_FILE1,PRODUCT_FILE2,PRODUCT_FILE3,PRODUCT_FILE4,PRODUCT_FILE5,PRODUCT_CONT1,PRODUCT_CONT2,PRODUCT_CONT3,PRODUCT_CONT4,PRODUCT_CONT5) values (68,'contents_images-1653639792792-2.jpg','contents_images-1653639797971-3.jpg','contents_images-1653639803613-4.jpg',null,null,'향만 맡았을 뿐인데 침샘을 자극하는 새콤한 향 때문에

침이 저절로 고이게 돼요. 

술을 머금으면 단맛은 거의 느껴지지 않으며 

레몬을 깨문 듯한 짜릿한 산미가 입안에 스며듭니다. 

하지만 입안을 자극했던 산미는 금방 사라지고

쓴맛이 길게 남아있을 거예요. 

술을 마신 후에는 은은하게 올라오는 사과 향도 함께 즐겨보세요.','향신료가 들어간 음식과 함께 해보세요. 

향신료의 이국적인 풍미가 단조로울 수 있는 술맛까지

채워주며 입안 가득 다채로움을 선사할 거예요. 

또한 산미가 도드라지는 술인 만큼

새콤한 소스를 곁들인 음식과도 찰떡궁합이랍니다. 

저절로 침이 고이게 만드는 새콤한 조합은

배가 되어 입안은 산뜻함으로 가득 찰 거예요.','순우리말로 ‘흥겹고 즐거운 삶’이라는 뜻을 가진 라라는 

양조장에서 직접 재배한 양조용 포도인 청수로 만들어요. 

와인을 만들기에 적합한 산도가 측정될 때 포도를 수확한 다음, 

으깬 후 저온 숙성을 통해 포도의 향을 최대한 보존해요. 

숙성된 포도는 껍질을 걸러낸 다음

효모와 함께 3주간 발효를 마친 뒤

숙성 통에서 1년 동안 숙성을 거친 후에 완성돼요. ',null,null);
Insert into PRODUCT_CONTENT (PRODUCT_NO,PRODUCT_FILE1,PRODUCT_FILE2,PRODUCT_FILE3,PRODUCT_FILE4,PRODUCT_FILE5,PRODUCT_CONT1,PRODUCT_CONT2,PRODUCT_CONT3,PRODUCT_CONT4,PRODUCT_CONT5) values (67,'contents_images-1653635602357-2.jpg','contents_images-1653635609481-3.jpg','contents_images-1653635616824-4.jpg',null,null,'마치 곶감을 먹은 것처럼 진득한 달콤함이

입안 가득 차오르는 술이에요. 

그 뒤에는 감식초를 한방울 떨어뜨린 듯 

침샘을 자극하는 산미를 경험할 수 있는데요. 

술의 단맛과 신맛이 어우러져 감칠맛을 선사해줄 거예요. 

술을 넘긴 후에도 술의 새콤한 산미로 인해

칼칼해진 목 안을 느껴보실 수 있을 거예요. ','치즈가 들어간 부드러운 질감의 음식과 함께 해보세요. 

치즈의 고소한 맛은 새콤한 술의 맛을

중화시켜주는 역할을 하거든요. 

또한 꾸덕꾸덕한 질감은 술의 산미로 인해

칼칼해진 목 안을 포근하게 덮어줄 거예요. 

그리고 맛뿐만 아니라 치즈와 와인이 주는

분위기마저 챙길 수 있으니 놓치지 말고 즐겨보세요!','전국 곶감 생산량의 절반 이상을 차지하는

경북 상주의 젤코바 와이너리에서 만든 술이에요. 

대부분의 상주 곶감이 대봉감으로 만들어지는 만큼 

젤코바 홍시와인도 대봉감으로 만들어진다고 합니다. 

홍시 와인은 늦가을 무르게 잘 익은 대봉감을 수확해 으깬 뒤, 

효모와 함께 3개월 동안 저온 발효를 통해 만들어지는데요. 

발효를 마친 뒤에도 1년이라는 오랜 기간 동안 숙성 

과정을 거친 후에야 비로소 젤코바 홍시와인으로 완성됩니다.',null,null);
Insert into PRODUCT_CONTENT (PRODUCT_NO,PRODUCT_FILE1,PRODUCT_FILE2,PRODUCT_FILE3,PRODUCT_FILE4,PRODUCT_FILE5,PRODUCT_CONT1,PRODUCT_CONT2,PRODUCT_CONT3,PRODUCT_CONT4,PRODUCT_CONT5) values (66,'contents_images-1654847858419-2.jpg','contents_images-1654847865356-3.jpg','contents_images-1654847873325-4.jpg',null,null,'잘 익은 포도알들을 입에 가득 넣은 듯, 

입안을 꽉 채우는 달콤함을 고스란히 담아보세요. 

그다음 혀를 짜릿하게 만드는 새콤한 맛은

자칫 단맛으로만 지배되어 단조로워질 술맛을

더욱 풍성하게 만들어준답니다. 

술을 마시고 난 뒤에는 맛과 향이 입안에 오래 남아있지는 않지만

진한 단맛으로 인해 목 안이 살짝 칼칼해지는 것을

경험할 수 있을 거예요.','입안을 매섭게 자극하는 매운 음식과 함께 즐겨보세요. 

매콤과 달콤 조합은 떼려야 뗄 수 없는 조합인만큼

맵게 달아오른 입안에 달콤함이 착 감겨

매운맛이 금방 사그라들게 해줄 거예요. 

또한 달콤한 술맛은 달콤한 음식과 함께했을 때

더욱 그 진가를 발휘하곤 하죠. 

식후에 디저트로 달콤한 음식과 즐기신다면

입안 가득 차오르는 달콤함에 덩달아 기분이 좋아지게 될 거예요. ','양조장에서 직접 재배한 양조용 포도인 청수와

효모를 넣어 만드는 술이에요.

2달의 발효 기간을 거쳐 만들어진 와인은 껍질과 씨앗뿐만 아니라

작은 불순물까지 걸러내기 위해 여과를 거치게 됩니다. 

그다음 약 1년의 숙성을 마친 뒤, 

생선의 꼬리를 닮은 지역이라는 뜻인

양조장이 위치한 마을의 옛 이름 ‘어미실’을 붙여 완성돼요.',null,null);
Insert into PRODUCT_CONTENT (PRODUCT_NO,PRODUCT_FILE1,PRODUCT_FILE2,PRODUCT_FILE3,PRODUCT_FILE4,PRODUCT_FILE5,PRODUCT_CONT1,PRODUCT_CONT2,PRODUCT_CONT3,PRODUCT_CONT4,PRODUCT_CONT5) values (65,'contents_images-1668151681270-스크린샷 2022-11-11 오후 4.27.53.png','contents_images-1668151729496-스크린샷 2022-11-11 오후 4.28.23.png','contents_images-1668151735066-스크린샷 2022-11-11 오후 4.28.36.png',null,null,'포도를 감싼 종이 포장지를 싹 벗겼을 때 나는 

싱싱한 포도 내음이 술에도 고스란히 담겨있어요. 

잔 가득 싱그러운 포도 향을 담아 술을 한 모금 마셔보면,

단맛이 적은 만큼 순간적으로

산미가 짜릿하게 다가오는 것을 느낄 수 있어요. 

그 뒤로 혀를 감싸는 쌉쌀한 여운까지 더해지며

술맛을 더욱 풍성하게 만들어 줄 거예요.','우선 퍽퍽한 질감을 가진 음식은 피해주세요.

쌉쌀한 끝맛을 가진 드라이한 술인 만큼,

음식의 퍽퍽한 질감과 더해지면

입 안이 바싹 마르는 듯한 느낌이 들거든요. 

대신에 치즈가 들어간 부드러운 음식과 곁들인다면

쌉쌀한 술맛으로 인해 경직되었던 입 안이

사르르 녹아내리면서 편안함을 느낄 수 있을 거예요.','잠시 라벨 그림에 집중해보세요. 

꼭 미술관에 온 듯한 기분이 들지 않으신가요? 

자줏빛깔 작약꽃이 그려진 이 그림은 

양조장 대표님이 직접 그린 ‘비밀의 화원’이라는 작품이에요. 

와인에 어떤 이름을 지어야 할까 고민하던 차에, 

술에서 느낄 수 있는 향이 마치 

‘비밀의 화원’ 그림을 연상시켜서 붙여졌다고 해요.',null,null);
Insert into PRODUCT_CONTENT (PRODUCT_NO,PRODUCT_FILE1,PRODUCT_FILE2,PRODUCT_FILE3,PRODUCT_FILE4,PRODUCT_FILE5,PRODUCT_CONT1,PRODUCT_CONT2,PRODUCT_CONT3,PRODUCT_CONT4,PRODUCT_CONT5) values (64,'contents_images-1649729282545-산머루 크라테 와인 드라이-4.jpg','contents_images-1659682551769-dry1.jpg','contents_images-1659682556553-dry4.jpg',null,null,'드라이 와인에 속하며 산미와

부드러운 떫은맛이 돋보이는 술입니다.

마시는 온도에 따라 맛과 향이 매우 다르게 느껴지는데요.

너무 차가운 온도에서는 산미가 돋보이며, 높은 온도에서는

강렬한 나무의 향이 다른 맛과 향을 느끼기 어렵게 만듭니다.

그러므로 차갑게 냉장 보관 후 마시기 전에

15분 가량 상온에 놔둔 후 마시는 것을 추천해 드립니다.','복합적인 풍미가 매력적인 와인은 다양한 향과

맛을 가지고 있어 양념이 강한 음식은 피하는 게 좋습니다.

담백하고 기름기가 적은 소고기 안심, 닭 안심 부위가

잘 어울리며 구운 야채 중에는 버섯이 있습니다.','크라테 와인은 해발 1317m 청정 수도산에서

정성스레 키운 산머루를 사용하여 빚은 와인인데요.

500m 고지이상의 청정지역에 위치하여 하루하루

일교차가 크기 때문에 씨알이 단단하고 과실이 좋아

맛과 향이 뛰어나답니다.




또한 3년 이상의 오크통 숙성과정을 거쳐 만들어져서

최상의 온도와 습도 조건으로 독특한 풍미를

내는 것이 특징입니다',null,null);
Insert into PRODUCT_CONTENT (PRODUCT_NO,PRODUCT_FILE1,PRODUCT_FILE2,PRODUCT_FILE3,PRODUCT_FILE4,PRODUCT_FILE5,PRODUCT_CONT1,PRODUCT_CONT2,PRODUCT_CONT3,PRODUCT_CONT4,PRODUCT_CONT5) values (63,'contents_images-1631178837025-ep+a1.jpg','contents_images-1631178847654-ep+a2.jpg','contents_images-1631178855999-ep+a3.jpg',null,null,'3.5%의 낮은 도수가 특징이며 딱 마셨을 때

대부분 사람이 떠오르는 생각은

"데*소다 사과 맛이다!" 라고 할 정도로 비슷한 맛입니다.

하지만 알코올을 함유했기 때문에 벌컥벌컥 마시면 취한답니다!

낮에 가볍게 즐기거나 홈 파티의 웰컴 드링크로 강력 추천합니다 :)','사과 주스와 탄산의 조합인 ‘애피소드 애플’을

냉장 보관을 한 뒤 차갑게 해서 튀김과 함께 먹으면

2개 먹을 걸 4개까지 먹을 수 있도록 도와줍니다.

그리고 과일 및 디저트와 가볍게 즐기면

쌓인 스트레스가 풀리실 거에요!','한국 애플리즈가 있는 경북 의성은

사과의 주산지로 유명한 곳입니다.

대대로 과수원을 운영하여 사과에 대해서는

모르는 것이 없을 정도로 사과의 장점만 살려

맛있는 술을 만들기 위해

15년간 연구 개발을 끊임없이 해왔습니다.

이런 장인정신을 통해 만들어진 술들을 믿고 마셔보세요 :)',null,null);
Insert into PRODUCT_CONTENT (PRODUCT_NO,PRODUCT_FILE1,PRODUCT_FILE2,PRODUCT_FILE3,PRODUCT_FILE4,PRODUCT_FILE5,PRODUCT_CONT1,PRODUCT_CONT2,PRODUCT_CONT3,PRODUCT_CONT4,PRODUCT_CONT5) values (62,'contents_images-1662106166802-sinabro1.jpg','contents_images-1662106174488-sinabro2.jpg','contents_images-1662106183167-sinabro3.jpg',null,null,'싱그러운 포도 향과 더불어 레몬이 떠오르게끔 만드는

새콤한 향을 풍기는 술이에요.





맛에서도 향에서 느낀 그대로 산미를 느낄 수 있을 텐데요.

인상이 찌푸려지는 짜릿한 산미가 아닌

가볍게 입맛을 돋아주는 편안한 산미가

침샘을 자꾸 건드리는 걸 경험하게 될 거예요 :)

또한, 산미만큼은 아니지만 잔잔한 단맛까지 뒤받쳐주는데요.

그 덕에 새콤달콤하게 즐길 수 있으며,

텁텁함 없이 맑고 깨끗하게 즐길 수 있을 거예요','‘청수’는 ‘한국의 샤르도네’라고 불리는 만큼

산뜻한 산미가 매력적인 술인데요.

전반적으로 굴이나 연어 스테이크, 새우튀김처럼

해산물을 이용한 음식과 잘 어울립니다.

 



술을 마실 땐, 싱그러운 향과

맑고 깨끗한 풍미를 조화롭게 즐기기 위해선

냉장고에 차가운 상태로 보관 후 가급적 향을 모아줄 수 있는

와인잔을 사용하여 마시는 것을 추천해 드립니다.','‘청수’는 우리나라에서 개발한 포도 품종으로,

새콤한 향과 산미를 갖고 있는데요.

그 중 불휘농장에서 만들어지는 ‘시나브로 청수 화이트’는

우리나라에서 ‘청수’를 이용하여 만든 최초의 와인이에요.

 



또한, [불휘농장 와이너리]는 국내 농가형 와이너리 중

한국식품안전관리인증을 나타내는

HACCP을 처음으로 취득한 곳이기도 한데요.

이때 사용되는 청수는 모두 [불휘농장]에서

직접 농사지어 사용한다고 하니

더욱더 믿음이 가지 않으신가요?',null,null);
Insert into PRODUCT_CONTENT (PRODUCT_NO,PRODUCT_FILE1,PRODUCT_FILE2,PRODUCT_FILE3,PRODUCT_FILE4,PRODUCT_FILE5,PRODUCT_CONT1,PRODUCT_CONT2,PRODUCT_CONT3,PRODUCT_CONT4,PRODUCT_CONT5) values (61,'contents_images-1625726333761-애피소드레드-1.png','contents_images-1625726340405-애피소드레드-2.png','contents_images-1625726346664-애피소드레드-3.png',null,null,'‘애피소드 상그리아’는 포도 와인에 탄산과 당을 가미하여

청량감과 달콤한 맛이 특징입니다.

병째로 마셔도 상관없지만 잔에 따라 마시면

풍선껌에서 맡아지는 달달한 향이 술에서 느껴집니다.

''애피소드 애플''보다 혀에 톡 쏘는 탄산은 약하지만

포도의 은은한 향이 포도 주스로 착각하게 만든답니다.','포도주에 시나몬, 과일 등을 첨가해 따뜻하게 마시는

뱅쇼처럼 ‘애피소드 상그리아’를 냄비에 부은 다음

시나몬 또는 추가로 과일을 넣고 데워서 마시면

색다른 맛을 즐기실 수 있습니다.

애프터눈티에서 차를 대신해 와인 잔에 따라

스파클링 와인처럼 즐겨도 좋고

디저트류, 과일 등과도 잘 어울립니다.','상그리아(sangría)는

스페인어로 ''피 흘리는''이라는 의미를 가지고 있습니다.

상그리아의 어근이 되는 ‘상그레(sangre)’의 어원은 라틴어로

''피, 혈액''을 의미하는 단어인 ‘상귀스(sanguis)’인데요.

전형적인 상그리아가 레드 와인과 과일 즙이 섞여

만들어내는 진한 붉은 빛에서 비롯된 명칭이라고 합니다.',null,null);
Insert into PRODUCT_CONTENT (PRODUCT_NO,PRODUCT_FILE1,PRODUCT_FILE2,PRODUCT_FILE3,PRODUCT_FILE4,PRODUCT_FILE5,PRODUCT_CONT1,PRODUCT_CONT2,PRODUCT_CONT3,PRODUCT_CONT4,PRODUCT_CONT5) values (60,'contents_images-1628832508833-시나브로 켐벨 스위트-2.jpg','contents_images-1628832541587-시나브로+켐벨+스위트-3.jpg','contents_images-1628832585761-시나브로 켐벨 스위트-5.jpg',null,null,'평소 우리가 즐겨 먹던 포도로 만든 와인답게

익숙하면서도 확실한 포도향을 풍기는 술이에요.

처음엔 단맛이 확 느껴지다가도 목을 넘긴 순간부턴

산미와 씁쓸한 맛이 올라오게 되는데요.

이때 다시 한번 포도의 풍미가 입안을 감싸게 되니

포도에서 느낄 수 있는 모~든 맛을 여유롭게 경험해 보세요.','레드 와인의 근본 조합!

돼지고기와 소고기를 이용한 스테이크는 물론

가금류 요리와도 잘 어울리는데요.

마실 땐 너무 차가운 온도보단 상온에 살짝 두어 마셔보세요.

더욱더 풍부한 향과 맛을 즐길 수 있게 될 거예요 :) ','캠벨 포도는 우리나라에서 가장 많이 먹는 포도에요.

그 덕에 ‘시나브로 캠벨 스위트’는

익숙하면서도 편안하게 느낄 수 있는 맛을 갖고 있는데요.

이때 사용되는 포도는 농가형 와이너리인 ‘불휘농장’에서

직접 재배하여 만든답니다!',null,null);
Insert into PRODUCT_CONTENT (PRODUCT_NO,PRODUCT_FILE1,PRODUCT_FILE2,PRODUCT_FILE3,PRODUCT_FILE4,PRODUCT_FILE5,PRODUCT_CONT1,PRODUCT_CONT2,PRODUCT_CONT3,PRODUCT_CONT4,PRODUCT_CONT5) values (59,'contents_images-1658454372552-4.jpg','contents_images-1658454610036-3.jpg','contents_images-1658454625462-2.jpg',null,null,'와인 잔에 담아 향을 맡아보세요. 

코를 간질이는 풋풋한 키위 향이 올라옵니다. 

그리고 술을 들이켜자마자 짜릿한 새콤함이 혀를 감돌면서

저절로 침이 고이게 만들어요. 

뒤이어 은은한 쌉쌀함이 느껴지고 

술의 새콤한 산미로 인해 목을 치는 듯한

﻿칼칼함도 경험할 수 있습니다.','입 안의 침샘을 자극할 정도로 새콤한 맛을 가진 술인 만큼

기름진 음식과 함께 해보세요. 

술의 산미가 기름진 맛으로 지배되었던 입안을 싸악 씻겨줄 거예요.

언제 기름진 음식을 먹었냐는 듯 입안을 정리해줄 테니

부담가지지 말고 음미해보자고요!','키위와인을 만드는 양조장은 경상남도 사천시에 있습니다. 

이곳은 우리나라 키위라고 불리는

참다래가 많이 생산되는 지역이에요. 

지역 대표 농산물이라고 해도 과언이 아닌

참다래를 저온에서 잔잔하게 발효해서 만드는데요. 

만든 와인을 최소 1년 숙성하여 부드러운 맛까지 더했답니다. 

그리고 사천시에 통합된 지역인 삼천포시(3004)와

사천군(4000)에서 볼 수 있는 숫자를 더해 7004를 만들고, 

스위트를 뜻하는 S를 붙여 7004S라는 이름이 붙여졌어요.',null,null);
Insert into PRODUCT_CONTENT (PRODUCT_NO,PRODUCT_FILE1,PRODUCT_FILE2,PRODUCT_FILE3,PRODUCT_FILE4,PRODUCT_FILE5,PRODUCT_CONT1,PRODUCT_CONT2,PRODUCT_CONT3,PRODUCT_CONT4,PRODUCT_CONT5) values (58,'contents_images-1625725716460-헤베-3.jpg','contents_images-1625725897538-헤베-2.png','contents_images-1639646908989-헤베 6병 박스-2.jpg',null,null,'‘헤베’에서는 사과의 풍미 뿐만 아니라

살구에서 느낄 수 있을 것 같은 상큼함도 느껴보실 수 있답니다.

전체적으로 단맛이 강한 편은 아니지만

쓴맛도 없는 편이라 담백하고 깔끔하게 즐길 수 있고요.

무엇보다 유통기한이 없어서

술장고에 쟁여놓기도 좋은 술입니다 :)','''헤베''의 맛과 향을 더욱 극대화하기 위해 냉장고에서 꺼낸 뒤

15분~20분 정도 상온에 두고 마시는 것을 추천하고 있어요.
담백하고 깔끔한 생선회나 초밥과 함께 마셔도 좋고요.

''헤베'' 특유의 상큼함을 더 극대화하고 싶다면

막국수처럼 새콤달콤한 음식과 함께 해보세요!','제우스와 헤라 사이에서 태어난 딸인 청춘의 여신 헤베를

모티브로 삼은 애플 사이더입니다.

다른 지역보다 일조량이 풍부하고 일교차가 큰 의성은

맛있는 사과를 재배하기 좋은 지역인데요.

헤베 또한 이곳의 사과로 만들어진답니다 :)

인공적으로 주입한 탄산 대신

자연적으로 발생한 탄산으로 톡톡 튀는 청춘을 즐겨보세요',null,null);
Insert into PRODUCT_CONTENT (PRODUCT_NO,PRODUCT_FILE1,PRODUCT_FILE2,PRODUCT_FILE3,PRODUCT_FILE4,PRODUCT_FILE5,PRODUCT_CONT1,PRODUCT_CONT2,PRODUCT_CONT3,PRODUCT_CONT4,PRODUCT_CONT5) values (56,'contents_images-1644573223722-2jpg.jpg','contents_images-1644573234969-3jpg.jpg','contents_images-1644573246291-4jpg.jpg',null,null,'마음을 빼앗길 것 같은 매혹적인 붉은빛의 술입니다.

마치 오미자청을 타서 마신 듯 산뜻한 달콤함이 느껴져요.

‘음료수 같은데?’라고 생각하자마자

뒤받쳐주는 알코올감이 정신을 들게 한답니다.

쓴맛과 함께 떫은맛이 지나가면서 

오미자의 다양한 풍미를 즐길 수 있을 거예요.','양념이 잘 밴 돼지고기 요리와 함께 드셔보세요.

오미자의 새콤달콤함이 돼지고기의 기름진 맛을 잡아주면서

다채로운 풍미와 양념된 고기의 맛이

서로 조화롭게 어우러질 거예요. 



좀 더 가볍게 즐기고 싶으신 분들은 토닉워터를 준비해보세요.

보는 맛과 먹는 맛 모두 채울, 

근사한 칵테일 한 잔이 완성될 거예요.','3년의 숙성 기간을 거친 오미자 와인에 주정을 첨가하여 만듭니다.

주정을 여과하면 ''주정취''라고 불리는

메탄올 향이 생길 수 있는데요.

메탄올 향을 제거하기 위해 

활성탄을 통과시켜 2번의 여과 과정을 거쳤답니다.

그 덕에 더욱 깔끔한 맛과 향을 낼 수 있다고 해요.',null,null);
Insert into PRODUCT_CONTENT (PRODUCT_NO,PRODUCT_FILE1,PRODUCT_FILE2,PRODUCT_FILE3,PRODUCT_FILE4,PRODUCT_FILE5,PRODUCT_CONT1,PRODUCT_CONT2,PRODUCT_CONT3,PRODUCT_CONT4,PRODUCT_CONT5) values (55,'contents_images-1650013887473-3.jpg','contents_images-1650013898203-4.jpg','contents_images-1657695461706-111.jpg',null,null,'사과 베이스의 술인만큼, 잔에 술을 따라 코를 가까이 대면 

싱그러운 사과 주스의 향을 느껴보실 수 있어요.

술을 머금으면 배의 달콤함은 가볍게 스쳐 지나가고,

새콤한 맛과 함께 바나나에서

﻿느낄 수 있는 향이 존재감을 드러내며

술을 더욱 다채롭게 즐길 수 있도록 이끌어 줍니다. 



자극적이지 않은 탄산감을 가지고 있어

부담 없이 즐기기에 좋으며

술을 넘긴 뒤에는 구수한 향이 입안에 맴돌아

여운을 선사할 거예요.

술을 오픈한 뒤 장시간 방치해 놓을 경우

탄산이 빠질 수 있어 가급적 빨리 드시는 것을 추천드려요!','파티를 시작하기 전 식전주로 가볍게 즐겨보세요!

허니문배는 은은한 산미와 가벼운 탄산감을 가지고 있어

식사를 하기 전 입맛을 돋우기에 좋답니다.

이때 새콤한 소스를 곁들여서 먹는 안주와 함께 즐겨보신다면,

입안 가득 산뜻한 풍미가 터지면서

파티의 시작을 화려하게 열어줄 거예요.','국산 배와 사과를 착즙한 뒤 발효해서 만든 술이에요.

술에 꿀・홍차・천일염이 들어가

술의 맛을 풍부하게 채울 수 있도록 이끌었습니다.

 

배와 꿀이 들어간 술인만큼 달콤하면서도

꿀 떨어지는 맛을 표현하기 위해 허니문배라는 이름이 붙여졌어요.

언어유희를 사용해서

허니문 베이비라고 들리도록 재미도 더했답니다.

이름에 걸맞게 달달한 분위기를 위한 술이라고 할 수 있죠.',null,null);
Insert into PRODUCT_CONTENT (PRODUCT_NO,PRODUCT_FILE1,PRODUCT_FILE2,PRODUCT_FILE3,PRODUCT_FILE4,PRODUCT_FILE5,PRODUCT_CONT1,PRODUCT_CONT2,PRODUCT_CONT3,PRODUCT_CONT4,PRODUCT_CONT5) values (54,'contents_images-1651137065698-2.jpg','contents_images-1651137073362-3.jpg','contents_images-1651137081821-4.jpg',null,null,'붉은 계열의 과일향이 새콤하게 풍기며 새콤달콤한 맛을 포함한

오미자의 5가지 맛을 조화롭게 느낄 수 있는 술이에요.

톡 쏘는 탄산감을 갖춘 술 답게 눈으로 먼저 즐기는 재미도 있으며

짧은 여운으로 가볍게 마시기 좋은 술입니다.','''오미로제 연''은 산미가 강한 편이기에 식전주로 잘 어울리며

간단한 샐러드, 카나페, 오픈 샌드위치 등과

가볍게 한 잔 하기에 좋습니다.





또한, 식후주로도 마들렌과 같이 부드럽고 버터가 들어간

구운 과자류와도 잘 어울리며

음식으로는 백합찜, 새우 오일 파스타를 추천합니다.','''오미로제 연''은 시간과 비용이 많이 드는

프랑스 상파뉴 지방의 전통 방식이 아닌

이탈리아의 샤르마 마르티 노티, 샤르마 방식을 사용하는데요.

샤르마 방식은 2차 발효를 병에서 진행하는 전통 방식과 다르게

커다란 봉인된 탱크통에서 대량으로 진행하기에

시간과 비용을 절약할 수 있으며

탄산 주입식 방법보다는 좀 더 섬세한 거품이 생성되어

신선한 풍미를 만들어 냅니다.',null,null);
Insert into PRODUCT_CONTENT (PRODUCT_NO,PRODUCT_FILE1,PRODUCT_FILE2,PRODUCT_FILE3,PRODUCT_FILE4,PRODUCT_FILE5,PRODUCT_CONT1,PRODUCT_CONT2,PRODUCT_CONT3,PRODUCT_CONT4,PRODUCT_CONT5) values (53,'contents_images-1660891743877-2.jpg','contents_images-1660891752636-33.jpg','contents_images-1660891774633-22.jpg',null,null,'264 청포도 와인 [절정]은

산뜻한 풀 내음, 새콤한 파인애플 향 등

여러 과일의 향을 느낄 수 있는 와인이에요.

단맛은 없는 편이며, 산뜻한 풍미를 느낄 수 있는 술인데요.

달지 않아 텁텁하거나 무거운 느낌 없이

깔끔하게 즐길 수 있는 술입니다.','생동감 있는 산미를 느끼기 위해선 냉장 보관하여

차가운 온도에서 마시는 것을 추천해 드립니다.

가벼운 산미와 과일의 향을 가졌으므로

흰 살 생선회, 횐 살 생선찜처럼

담백하고 양념이 강하지 않은 음식과 잘 어울립니다.','264 청포도 와인은 우리나라 독립 운동가이자 민족 시인인

이육사 선생의 고향, 안동에서 만들어 집니다.





국산 품종인 ‘청수’를 이용하여 빚은 와인들로,

청포도, 절정, 꽃, 광야 모두 이육사 선생의 시 제목을 따와

그 뜻을 함께 전하고 있는데요.





이미 여러 수상 경력을 통해 맛과 향의 우수성을 인정받은

와인이랍니다. :)',null,null);
Insert into PRODUCT_CONTENT (PRODUCT_NO,PRODUCT_FILE1,PRODUCT_FILE2,PRODUCT_FILE3,PRODUCT_FILE4,PRODUCT_FILE5,PRODUCT_CONT1,PRODUCT_CONT2,PRODUCT_CONT3,PRODUCT_CONT4,PRODUCT_CONT5) values (112,'contents_images-1666235393850-go2.jpg','contents_images-1666235638971-go3.jpg','contents_images-1666235753750-go4.jpg',null,null,'중국집에서 한잔 즐겼던 고량주가 그리우셨다면

잘 찾아오셨어요!

서울고량주 레드는 새콤달콤한 파인애플 향을

부드러우면서도 강하게 풍기는 술이에요.

맛에서도 파인애플 풍미가 강렬하게 느껴지며

시간이 지날수록 달콤한 바나나 풍미가

스멀스멀 올라오는 것도 느껴볼 수 있을 거예요.

목을 넘기는 동시엔 쓴맛이 훅 올라오고

높은 도수로 인해 입천장이 얼얼해지기도 하니

조금씩 음미하는 걸 추천해 드립니다.','술을 마시고 난 뒤엔 입안이 살짝 텁텁해질 수도 있어요.

그럴 땐 기름진 중국 음식을 한입 가득 담아

촉촉함을 한 스푼 더해보세요.

고량주와 중국 음식의 완벽한 조합을 느낄 수 있을 거예요.

높은 도수가 부담스럽다면 탄산수나 사이다를 넣어

하이볼로 즐겨도 좋습니다.','우리나라에서 수입하는 고량주 대부분은 생산지나

제조방식이 정확하지 않고, 중국에선 농약이 묻어있는

왕겨까지 사용하여 술을 빚는 까닭에 소비자에게

많은 불안감을 안기기도 했다고 해요.



이러한 불안감만 투명하게 해결할 수 있다면

국내 고량주 시장이 더욱 성장할 수 있을 거란 생각에

㈜한국고량주는 고량주 연구에 들어서게 됐고

5년간 연구&개발을 통해 2022년 서울고량주 레드를

출시하게 됐다고 합니다.',null,null);
Insert into PRODUCT_CONTENT (PRODUCT_NO,PRODUCT_FILE1,PRODUCT_FILE2,PRODUCT_FILE3,PRODUCT_FILE4,PRODUCT_FILE5,PRODUCT_CONT1,PRODUCT_CONT2,PRODUCT_CONT3,PRODUCT_CONT4,PRODUCT_CONT5) values (114,'contents_images-1654844304155-1.jpg','contents_images-1654844333816-22.jpg','contents_images-1654844341504-3.jpg',null,null,'사과의 달콤한 풍미와 참나무의 스모키한 풍미로

입 안을 가득 채워주는 술인데요.

40도라는 높은 도수가 믿기지 않을 만큼

깔끔하고 부드러운 목 넘김을 갖고 있어서

부담 없이 마실 수 있는 술입니다.

고도수가 선사하는 작열감까지 빼먹지 않고 느낄 수 있으니

천천히 음미해보세요. ','화려한 향을 자랑하는 술인 만큼

치즈나 초콜릿처럼 화려한 풍미를 갖춘 음식과 잘 어울립니다.

온도에 따라 다양한 맛을 느낄 수 있는데요.

부드러움을 한층 더 느끼고 싶다면 얼음을 넣어 언더락으로

달콤한 향을 더 깊게 느끼고 싶다면

실온 보관 후에 마시는 것을 추천합니다 :)','사과를 동증류기에 2번 증류한 후

오크통에서 3년 숙성시킨 사과 증류주입니다.

‘추사’에는 [가을 사과]와 [가을 이야기]라는 뜻 외에도

예산이 고향인 추사 김정희 선생의 삶과 정신을 담고 있는데요.

라벨 디자인에도 추사 김정희 선생이 그린 난을 삽입함으로써

‘꺾였지만 살아있는 선비의 마음’을 담았습니다.',null,null);
Insert into PRODUCT_CONTENT (PRODUCT_NO,PRODUCT_FILE1,PRODUCT_FILE2,PRODUCT_FILE3,PRODUCT_FILE4,PRODUCT_FILE5,PRODUCT_CONT1,PRODUCT_CONT2,PRODUCT_CONT3,PRODUCT_CONT4,PRODUCT_CONT5) values (115,'contents_images-1637223501436-매실원주.jpg','contents_images-1637223512593-매실원주-3.jpg','contents_images-1637223518341-매실원주-6.jpg',null,null,'‘매실원주 13’은 꿀과 매실 향을 달콤하게 풍기는 술이에요.

알코올 특유의 맛과 향은 없는 편이며

매실의 자연스러운 단맛과 부드러운 목 넘김이 돋보이는데요.

이미 너무나도 많은 사람을 매료시켜버릴 만큼

맛있게 즐길 수 있는 리큐르(증류주)랍니다.','매실 특유의 단맛과 연한 산미가 있어

식전주나 식후주에 잘 어울리는데요.

각종 디저트류나 에피타이저와 함께라면 금상첨화겠지요~?','국내에서 유일하게 과실주를 첨가하지 않고

매실주 원액 100%로 만든 술이에요.

대부분의 매실주들이 덜 익은 상태의 청매실을 사용 하는것과 달리

완숙한 황매실을 사용하여 본연의 향미를 더했는데요.

수확 후 바로 술을 담지 않으면 망가지는 황매실의 특성 때문에

아이스 와인처럼 급속 동결하여 침출 후

1~5년 숙성하는 방식으로 단맛을 극대화 했답니다.',null,null);
Insert into PRODUCT_CONTENT (PRODUCT_NO,PRODUCT_FILE1,PRODUCT_FILE2,PRODUCT_FILE3,PRODUCT_FILE4,PRODUCT_FILE5,PRODUCT_CONT1,PRODUCT_CONT2,PRODUCT_CONT3,PRODUCT_CONT4,PRODUCT_CONT5) values (111,'contents_images-1631177142843-안동소주+일품+골드-1.jpg','contents_images-1631177151141-안동소주+일품+골드-2.jpg','contents_images-1631177161960-안동소주+일품+골드-6.jpg',null,null,'마시기 전 오크 향이 가볍게 코를 스치는데요.

혀에 닿자마자 짜릿하게 다가오는 쌀의 감칠맛이

그야말로 일품이랍니다!

목을 넘긴 후에도 입안에 맴도는 달콤한 여운과

상쾌한 느낌을 받을 수 있을 거예요.','묵직한 단맛을 느끼고 싶다면

상온에 둔 후 즐기시면 되고요.

높은 도수가 부담스러운 분들은

얼음을 넣어 온더락으로 마시는 것을 추천해 드려요.



기름진 음식의 느끼한 맛을 싸-악 잡아주는 술이기도 하니

배에 기름칠 제대로 해보자고요 :)','''안동소주 일품''에서 만든 소주

감압식 증류와 냉동 여과를 포함한

총 2번의 여과를 거친 술이에요.

그 덕에 맑고 깔끔한 맛을 자랑하고 있죠!



그중에서도 ‘안동소주 일품 40% 골드’ 버전은

오크통에 숙성된 증류 원액을 함께 사용하여

중후한 풍미까지 갖췄는데요.



2015년에는 우리술 품평회 증류주 부문에서

대상을 거머쥔 우수한 술이랍니다.',null,null);
Insert into PRODUCT_CONTENT (PRODUCT_NO,PRODUCT_FILE1,PRODUCT_FILE2,PRODUCT_FILE3,PRODUCT_FILE4,PRODUCT_FILE5,PRODUCT_CONT1,PRODUCT_CONT2,PRODUCT_CONT3,PRODUCT_CONT4,PRODUCT_CONT5) values (110,'contents_images-1653552805076-SAM2.jpg','contents_images-1653552810348-SAM3.jpg','contents_images-1653552815131-SAM1.jpg',null,null,'상큼한 레몬과 달콤한 꿀 향이 은은하게 풍기는 술입니다.

향만큼이나 달콤한 맛을 갖고 있으며

약간의 작열감과 씁쓸한 여운까지 느낄 수 있을 텐데요.

과일 소주를 좋아하시는 분이나

가볍게 한잔하고 싶은 분들에게 적극 추천해 드립니다!','꿀의 달콤함은 강렬한 편이지만 전체적인 맛은 약하기 때문에

족발이나 피자처럼 풍미가 좋은 음식과 함께하기 좋고

가래떡이나 와플처럼 꿀과 함께하면 좋은 음식도 잘 어울립니다.','인류 최초의 술이라고도 불리는 미드(Mead).

미드는 꿀로 만든 술을 의미하며

‘꿀샘 16’이 바로 미드라고 불릴 수 있는 술이에요.





‘꿀샘 16’은 카카오 메이커스에서 한정 출시됐다가

반응이 좋아 재탄생하게 된 제품이기도 합니다! ',null,null);
Insert into PRODUCT_CONTENT (PRODUCT_NO,PRODUCT_FILE1,PRODUCT_FILE2,PRODUCT_FILE3,PRODUCT_FILE4,PRODUCT_FILE5,PRODUCT_CONT1,PRODUCT_CONT2,PRODUCT_CONT3,PRODUCT_CONT4,PRODUCT_CONT5) values (109,'contents_images-1660285392098-resize_-4.jpg','contents_images-1660285404246-resize_-1.jpg','contents_images-1660285424375-resize_-3.jpg',null,null,'구수하면서도 달큰한 곡물과 견과류 향을 풍기는 술이에요.

동시에 코끝을 살짝 찡하게 만드는 매운 향도 느낄 수 있는데요.

도수는 높은 편이지만 알코올 특유의 씁쓸한 맛보단

구수하고 달짝지근한 맛이 도드라지는 편이며

부드러운 목넘김 뒤엔 적당한 작열감까지 선사한답니다.','‘금설’의 중후한 풍미와 부드러운 목 넘김을 극대화하기 위해선

너무 차가운 상태보단 살짝 미지근한 상태로

즐기시는 것을 추천해 드려요.

동시에, 감칠맛이 도드라지는 술인 만큼

풍미가 짙은 음식과 잘 어울리는 편인데요.

특히, 버섯전골이나 삼계탕처럼 구수하면서도

달짝지근한 풍미가 돋보이는 음식들과 좋은 궁합을 보인답니다.','‘금설’은 감압식 증류와 1개월 이상의 저온 숙성 덕에

부드럽고 깔끔한 맛을 내는 술이에요.


우수한 맛은 물론,

[금박]을 통해 금이 눈처럼 내리는 장면을 연출함으로써

젊은 층에게도 많은 흥미와 관심을 이끌어낸 전통주이기도 합니다.',null,null);
Insert into PRODUCT_CONTENT (PRODUCT_NO,PRODUCT_FILE1,PRODUCT_FILE2,PRODUCT_FILE3,PRODUCT_FILE4,PRODUCT_FILE5,PRODUCT_CONT1,PRODUCT_CONT2,PRODUCT_CONT3,PRODUCT_CONT4,PRODUCT_CONT5) values (108,'contents_images-1626746291996-문배술40-3.jpg','contents_images-1626746304127-문배술40-2.jpg','contents_images-1626746311190-문배술40-1.jpg',null,null,'달콤한 꽃 향과 감칠맛이 확 올라오는데요.

배와 사과 같은 과실 향기와

그 뒤를 은은하게 받치는 향신료의 뉘앙스를 가져서

마치 고량주 같은 느낌이 든답니다.

높은 도수치고 부드럽게 넘어가는 목 넘김에

문배술의 매력을 잘 알게 될 거예요!','고량주와 느낌이 흡사하기 때문에

하나의 맛을 살린 요리보다는

복합적인 재료와 독특한 향신료를 사용하는 요리와

함께하기 좋은데요 :)

특히 향신료 강한 중국요리들과 함께라면

좋은 궁합을 경험할 수 있습니다.','문배주는 평안도 지방에서 내려오는 술로

그 향기가 문배나무의 과실 향과 같아서 붙여진 이름이에요.

주재료가 100% 국산 메조와 찰수수 등 잡곡으로 빚는 소주이며,

단식 감압증류 방식으로 원료의 풍미를 극대화해서

지금의 문배술이 되었답니다.',null,null);
Insert into PRODUCT_CONTENT (PRODUCT_NO,PRODUCT_FILE1,PRODUCT_FILE2,PRODUCT_FILE3,PRODUCT_FILE4,PRODUCT_FILE5,PRODUCT_CONT1,PRODUCT_CONT2,PRODUCT_CONT3,PRODUCT_CONT4,PRODUCT_CONT5) values (107,'contents_images-1641378363161-mgbr o40 1.jpg','contents_images-1641378373283-mgbr o40 2.jpg','contents_images-1641378385564-mgbr o40 3.jpg',null,null,'풍부한 사과향부터 오크의 스모키한 향까지 고루 갖춘 이 술은

사과의 달짝지근한 맛과 오크의 중후한 풍미를

조화롭게 느낄 수 있는 술인데요.

높은 도수를 지닌 만큼 목 안에서 타오르는 듯한 작열감과

입안을 화사하게 감싸는 매운맛이 매력적인 사과 브랜디입니다.','스모키하고 달콤한 향을 가져서

비슷한 풍미를 가진 초콜릿과 간편하게 즐기기 좋습니다.

또한 고도수 증류주답게 삼겹살 혹은 참치 뱃살처럼

기름지고 풍부한 맛을 가진 음식과 굉장히 잘 어울립니다.

아! 술이 너무 독하거나 맵다면

언더락으로 마시는 것을 추천해 드려요 :)','문경 지역에서 생산된 사과를 사용하여

2번의 증류 과정과 오크통 숙성을 통해 만들어집니다.

술 한 병에는 무려 7개의 사과가 사용되는 만큼

진한 사과의 풍미가 인상적인데요.

2017년에는 맛과 품질의 우수성을 인정받아

우리술 품평회 증류주 부문에서 최우수상을 받았습니다.',null,null);
Insert into PRODUCT_CONTENT (PRODUCT_NO,PRODUCT_FILE1,PRODUCT_FILE2,PRODUCT_FILE3,PRODUCT_FILE4,PRODUCT_FILE5,PRODUCT_CONT1,PRODUCT_CONT2,PRODUCT_CONT3,PRODUCT_CONT4,PRODUCT_CONT5) values (106,'contents_images-1654568721548-3.jpg','contents_images-1654568726354-1.jpg','contents_images-1654681096223-2.jpg',null,null,'달콤하고 시원하게 풍기는 복분자의 향 덕에

고도수 술이란 걸 잠깐 잊게끔 만드는 술이에요.

실제로 입에 갖다 대는 순간에도

복분자의 진한 단맛이 느껴질 텐데요.

목을 넘긴 후엔 가슴부터 목, 입안까지

뜨끈하게 열이 올라오는 것을 경험할 수 있을 거예요!



그래도 증류주 특유의 쓴맛은 약한 편이니

고도수를 경험해보고 싶은 입문자라면

한번 도전해봐도 좋을 거에요!','높은 도수가 부담스러운 분들은 얼음을 넣어 마셔도

풍미를 잃지 않은 채 맛있게 즐길 수 있을 거예요.

동시에 음식이 필요한 분들은 고등어 회나 방어회,

삼겹살처럼 기름진 음식을 추천해 드리는데요.

만월의 높은 도수가 기름진 맛을 깔끔하게

싸~악 씻겨 내려가 줄 거예요 :)','‘만월’은 술을 잔에 따른 후 위에서 바라봤을 때의 모습이

둥근 보름달 같다 하여 붙여진 이름이에요.

아름다운 분홍빛과 달콤한 베리 향은

예산지역 농가에서 재배된 ‘복분자’로부터 오게 되는데요.





이렇게 사용되는 복분자는

발효 -> 감압 증류 -> 1차 숙성 -> 복분자 과즙 첨가 -> 2차 숙성

등의 과정을 통해 ‘만월’로 탄생하게 됩니다. ',null,null);
Insert into PRODUCT_CONTENT (PRODUCT_NO,PRODUCT_FILE1,PRODUCT_FILE2,PRODUCT_FILE3,PRODUCT_FILE4,PRODUCT_FILE5,PRODUCT_CONT1,PRODUCT_CONT2,PRODUCT_CONT3,PRODUCT_CONT4,PRODUCT_CONT5) values (105,'contents_images-1651137167656-4.jpg','contents_images-1651137174993-3.jpg','contents_images-1651137180176-2.jpg',null,null,'오미자 향을 산뜻하게 풍기는 ‘술샘 16’은

오미자의 다섯 가지 맛을 조화롭게 느낄 수 있는 술이에요.

그중에서도 단맛과 씁쓸한 맛의 조화가 돋보이는데요.

소주 특유의 알코올 향은 없는 편이며 거부감 없이

술술 넘어가는 목 넘김이 더해져 부담 없이 즐길 수 있답니다.','부담 없이 맛있게 마실 수 있는 ‘술샘 16’은

과일치즈나 연어샐러드처럼 가벼운 안주류나

새콤한 샐러드류와 함께 즐기기에 좋아요.

‘술샘16’은 단독으로 마셔도 좋은 술이지만

기호에 맞게 탄산수나 토닉워터, 사이다 등을 혼합하여

다양하게 즐기기에도 좋은 술입니다!','‘술샘 16‘은 19세기 한의학 서적인

‘약징’에서도 인정한 품질 좋은

국내산(조선산) 오미자를 100% 이용해 만든 증류주인데요.

‘술샘16’은 불휘발성 성분을 2% 이상 함유하고 있어

증류주가 아닌 리큐르로 분류됩니다.',null,null);
Insert into PRODUCT_CONTENT (PRODUCT_NO,PRODUCT_FILE1,PRODUCT_FILE2,PRODUCT_FILE3,PRODUCT_FILE4,PRODUCT_FILE5,PRODUCT_CONT1,PRODUCT_CONT2,PRODUCT_CONT3,PRODUCT_CONT4,PRODUCT_CONT5) values (104,'contents_images-1642777337420-3.jpg','contents_images-1642777347132-4.jpg','contents_images-1655866049829-3.jpg',null,null,'달콤하면서도 가벼운 커피향을 풍기는 술이에요.

더치 커피처럼 구수한 커피맛을 내며 높은 도수를 지닌 술답게

화끈한 작열감을 느낄 수 있을 거예요.','원두로 만든 고도수 증류주답게

달콤한 디저트와 잘 어울리는데요.

에스프레소 대신 커피냑으로 아포카토를 만들어 먹어도 좋고요!

초코케이크, 크로플과 함께 한다면

좀 더 달콤하고 부드럽게 커피냑을 즐길 수 있을 거예요.

우유와 꿀, 더치커피를 비율에 맞춰 넣어

칵테일처럼 마시는 방법도 추천해 드려요!','26brix 가량의 당도를 가진 커피 생두를 액상화해서

효모를 넣고 발효 후 증류하는 방식으로 만들었는데요.

제주도에만 있는 화산송이를 사용해 숙성을 거쳐

부드러운 맛이 나는 것이 특징입니다. 

또 독특하게도 증류 되어 나온 원액의 도수를 맞추는 과정에서

물이 아닌 더치 커피를 넣어서 풍미를 한층 더 끌어 올렸답니다.',null,null);
Insert into PRODUCT_CONTENT (PRODUCT_NO,PRODUCT_FILE1,PRODUCT_FILE2,PRODUCT_FILE3,PRODUCT_FILE4,PRODUCT_FILE5,PRODUCT_CONT1,PRODUCT_CONT2,PRODUCT_CONT3,PRODUCT_CONT4,PRODUCT_CONT5) values (103,'contents_images-1629265247553-추사백-2.jpg','contents_images-1629265299942-추사백-6.jpg','contents_images-1629265305629-추사백-5.jpg',null,null,'‘추사 백 25%’는 맑고 부드러운 사과 향과

살짝 매운 향을 느낄 수 있는 술이에요.

혀를 갖다 대는 순간엔 달콤한 사과의 풍미가 느껴지다가도

부드러운 목 넘김 뒤엔 약간의 작열감이 올라오는데요.

전체적으로 맛이 가볍고 여운이 길지 않아서

깔끔하게 즐길 수 있을 거예요.','맛과 향이 은은하게 풍기는 ‘추사 백 25%’는

얼음이나 물을 섞지 않고 술만을 천천히 음미하며

마시는 것을 추천해드려요.

이때 냉장고에 보관 후 시원한 상태로 마시게 되면

더욱더 싱그럽고 깔끔하게 즐길 수 있을 텐데요.

향긋한 과실의 풍미와 적당한 알콜감을 느낄 수 있는

술인 만큼 기름진 육류와 함께해 보세요!','‘추사 백 25%’은 가을에 수확한 예산 사과로 발효주를 만든 후,

감압식 증류를 통해 만들어지는데요.

이렇게 만들어진 증류주는 최소 1년간 숙성 과정을

거친 후에 병에 담기게 됩니다.


한편 ‘추사’는 [가을 사과]와 [가을 이야기]라는 뜻과 함께,

예산이 고향인 추사 김정희 선생의 꺾이지 않는

강한 의지가 담겨있는 이름이랍니다. :)',null,null);
Insert into PRODUCT_CONTENT (PRODUCT_NO,PRODUCT_FILE1,PRODUCT_FILE2,PRODUCT_FILE3,PRODUCT_FILE4,PRODUCT_FILE5,PRODUCT_CONT1,PRODUCT_CONT2,PRODUCT_CONT3,PRODUCT_CONT4,PRODUCT_CONT5) values (102,'contents_images-1629446716158-mori2.jpg','contents_images-1629446724192-mori3.jpg','contents_images-1629446735503-mori4.jpg',null,null,'‘모리’는 한 모금 입에 담는 순간

참나무와 바닐라의 풍미가 은은하게 올라오는 술이에요.

보리로 만든 소주들은 대체로

조금 달콤한 맛을 갖고 있는 편인데요.

모리는 은은한 단맛과 함께,

슴슴한 미네랄의 풍미가 느껴지는 소주랍니다.

또한, 전체적으로 부드럽게 넘어가는 목넘김 덕에

가볍게 즐길 수 있을 거예요. :)','일반적인 증류식 소주에 비해 낮은 도수를 갖고 있는 ‘모리’는

풍미가 강하지 않은 편인데요.

안주 역시 자극적인 음식보단

담백하면서도 약간은 짭짤한 해산물 요리들과

함께하기 좋답니다.','보리가 이롭다 라는 뜻의 모리는

호남평야로 유명한 부안. 그곳에서 키운 찰보리를

자체 도정하여 만들어지는 술이에요.

도정 후엔 바로 발효를 해서 술의 품질이 뛰어난 편인데요.

오크칩 숙성을 거쳐 참나무의 향과 색이 은은하게 담겨있어

위스키의 가벼운 버전 같은 술이랍니다 :)',null,null);
Insert into PRODUCT_CONTENT (PRODUCT_NO,PRODUCT_FILE1,PRODUCT_FILE2,PRODUCT_FILE3,PRODUCT_FILE4,PRODUCT_FILE5,PRODUCT_CONT1,PRODUCT_CONT2,PRODUCT_CONT3,PRODUCT_CONT4,PRODUCT_CONT5) values (101,'contents_images-1653554913028-DAM1.jpg','contents_images-1653554923770-DAM3.jpg','contents_images-1653554933416-DAM2.jpg',null,null,'마시는 내내 솔의 상쾌한 풍미가 느껴지는 술이에요.

그렇다고 마냥 팍! 튀는 풍미는 아닌데요.

담백한 쌀과 달콤함 꿀이 함께 어우러져

부드럽고 은은하게 즐길 수 있을 거예요.','미나리 가득 들어간 맑은 지리탕과 시원하게 잘 어울리고요.

높은 도수와 부드러움이 강점인 술답게

기름진 음식과 깔끔하게 잘 맞습니다.

 



스트레이트로 깔끔하게 즐기기에도 좋지만

온더락으로 물이나 토닉을 넣어 마신다면

은은하면서도 산뜻하게 솔향을 느끼며 마실 수 있을 거예요.','‘담솔’은 ‘명인의 혼(Soul)이 담겨 있다‘는 의미가 있어요.

감압식 증류 후 2년 저온 숙성을 거치며

한층 더 부드러운 맛을 내게 되는데요.

송순 농축액과 꿀 등이 들어가

증류식 소주가 아닌 리큐르로 분류가 됩니다.',null,null);
Insert into PRODUCT_CONTENT (PRODUCT_NO,PRODUCT_FILE1,PRODUCT_FILE2,PRODUCT_FILE3,PRODUCT_FILE4,PRODUCT_FILE5,PRODUCT_CONT1,PRODUCT_CONT2,PRODUCT_CONT3,PRODUCT_CONT4,PRODUCT_CONT5) values (100,null,'contents_images-1640251191732-진도 아리랑 홍주-3.jpg','contents_images-1640251228899-진도 아리랑 홍주-5.jpg',null,null,'지초를 사용하여 만든 아리랑 홍주는 짙은 다홍빛을 띠는 술이에요.

꽃 향과 동시에 싱그러운 흙내음이 퍼지는데요.

40도라는 높은 도수를 가지고 있음에도

입안을 감도는 연한 단맛이 은은하게 올라온답니다. 

동시에 코를 찌르는 듯한 짜릿함도 화~ 하고

올라오는 것을 느끼실 수 있을 거예요.','목을 넘긴 후 올라오는 화사함은 까르보나라, 양갈비 같은

기름진 음식도 깔끔하게 즐길 수 있도록 도와줘요.

입안에 약간의 얼얼함과 텁텁함이 남을 수 있어 

밀푀유나베처럼 수분감 있는 음식과도 잘 어울린답니다.

또한 아리랑 홍주는 도수가 높은 술이니

작은 잔에 따라서 조금씩 혹은 

얼음을 넣어 마시는 걸 추천해 드려요!','아리랑 홍주의 짙은 다홍빛은 지초로부터 오는 색이에요.

지초란 ‘자초’라는 식물의 뿌리로, 옛날부터 색을 내는 용도로

많이 사용해온 재료이기도 하죠.

지초주라고 불렸던 홍주는

예로부터 진도 지역에서만 빚어왔는데요.

최근에는 지리적 표시품으로 지정되어

﻿진도에서만 빚은 홍주만이 

‘진도 홍주’라는 이름을 쓸 수 있다고 합니다!',null,null);
Insert into PRODUCT_CONTENT (PRODUCT_NO,PRODUCT_FILE1,PRODUCT_FILE2,PRODUCT_FILE3,PRODUCT_FILE4,PRODUCT_FILE5,PRODUCT_CONT1,PRODUCT_CONT2,PRODUCT_CONT3,PRODUCT_CONT4,PRODUCT_CONT5) values (99,'contents_images-1634014511987-솔섬+17-2.jpg','contents_images-1634014518313-솔섬+17-3.jpg','contents_images-1634014525446-솔섬+17-4.jpg',null,null,'‘솔섬 17은’ 달콤하면서도 구수한 맛을

은은하게 내뿜는 소주입니다.

평소에 마시는 소주와 비슷한 도수이지만

알코올 특유의 쓴맛은 적은 편이고요.

입안이 상쾌해지는 맑고 시원한 느낌을 받을 수 있을 거예요.

마치 청주처럼 부드럽고 깔끔하게 넘어가는 술이니

부담 없이 즐겨보세요 :)','‘솔섬 17’의 맑고 시원함을 더욱 생동감 있게 느끼기 위해선

냉장고에 보관 후 시원한 상태로

음용하시는 것을 추천해 드려요.



평소 소주가 대부분의 음식과 잘 어울리듯,

‘솔섬 17’도 다양한 음식과 함께하기 좋은 술인데요.

특유의 달콤하고 구수한 풍미 덕에

매운 음식과도 편안하게 즐길 수 있을 거예요.','‘솔섬’은 ‘솔섬 17’이 만들어지는 부안의 명소에요.

술에 사용하는 쌀과 부재료들은

지역 농가에서 직접 공수하여 사용하게 되는데요.

믿고 마실 수 있는 제품에 대한 안전성은 물론,

압력을 낮춰 증류하는 감압식 증류 방식 덕에

깔끔하고 부드러운 목 넘김이 돋보이는 술입니다.',null,null);
Insert into PRODUCT_CONTENT (PRODUCT_NO,PRODUCT_FILE1,PRODUCT_FILE2,PRODUCT_FILE3,PRODUCT_FILE4,PRODUCT_FILE5,PRODUCT_CONT1,PRODUCT_CONT2,PRODUCT_CONT3,PRODUCT_CONT4,PRODUCT_CONT5) values (98,'contents_images-1655368977137-1.jpg','contents_images-1655369011391-4.jpg','contents_images-1655369037413-2.jpg',null,null,'술을 머금자마자 풋사과를 한 입 베어 문 듯한

산뜻함이 가득 퍼져요. 

그 뒤에는 알코올 도수로 인해 

혀가 살짝 얼얼해지는 것을 경험해보실 수 있습니다. 

술을 마신 뒤에 입맛을 다시면 느껴지는 쌉쌀함과 함께

산뜻한 여운이 다시금 올라와 입안에 머무르게 될 거예요.','살짝 기름지지만 새콤한 소스를 곁들인 음식과 함께 드셔보세요.

대표적인 음식으로 꿔바로우 같은 요리 말이에요! 

음식을 한 입 베어 물자마자 맛볼 수 있는

새콤한 소스는 술의 산뜻함과 어우러지고, 

음식을 씹으면서 입안에 발라진 기름진 맛은

술의 알코올 감이 싹 씻겨 내려주기 때문이죠.','홍성에서 생산되는 보리로 고두밥을 쪄서

누룩과 함께 발효 과정을 거쳐요. 

이때 보리는 좋은 영양분과 보리만의 고소한 풍미를 살리고자

껍질을 제거하지 않고 통째로 발효시킵니다. 



완성된 발효 원주는 감압식 증류 방식을 통해 소주를 내리는데요.

낮은 온도에서 끓는 성질을 활용하여

열을 가할 때 생길 수 있는 누른 내를 배제한 만큼

깔끔한 맛을 낼 수 있는 특징을 가지고 있습니다.


마침내 완성된 증류 원액은 도수에 맞게 가수를 한 뒤, 

1달 이상 숙성 기간을 거쳐 완성됩니다.',null,null);
Insert into PRODUCT_CONTENT (PRODUCT_NO,PRODUCT_FILE1,PRODUCT_FILE2,PRODUCT_FILE3,PRODUCT_FILE4,PRODUCT_FILE5,PRODUCT_CONT1,PRODUCT_CONT2,PRODUCT_CONT3,PRODUCT_CONT4,PRODUCT_CONT5) values (97,'contents_images-1659680753506-2.jpg','contents_images-1659680762393-3.jpg','contents_images-1659680778897-4.jpg',null,null,'술을 들이켜자마자 누룽지 같은 구수함이

코를 치고 올라오는 것을 느낄 수 있어요. 

구수함이 사라지고 나면 은은한 화사함이 입 안에 남게 되죠. 

그리고 알코올 도수로 인해 

알싸한 자극이 혀에 전해지게 될 거예요. 

그 뒤로 입 안에는 달콤쌉쌀한 여운이 올라오니

놓치지 말고 경험해보세요.','식사 자리가 살짝 허전하다 싶을 때

당진소주를 반주로 함께 곁들어보세요. 

쌀밥의 구수한 술맛 덕에 평소 밥과 함께 곁들이는

밑반찬들과 찰떡궁합이거든요. 

게다가 뒤이어 올라오는 알코올의 알싸한 자극이

굳이 물을 마시지 않아도 입 안을 정돈해준답니다. 

술 한 잔, 밥 한 숟갈 뜨다 보면 밥그릇은 금세 비어 있을 거예요. ','당진소주는 우리소주조합에서 만든 술이에요. 

우리소주조합은 당진, 강릉, 가평, 제주 성산포

이렇게 네 지역의 양조장으로 구성된 조합으로, 

전통 증류 소주를 대중화하겠다는

공통된 목표를 갖고 운영하고 있어요.





우리소주조합의 술은 쌀을 익히지 않고 

생쌀 발효 방법을 사용하여, 

농촌진흥청에서 개발한 소주 전용 효모인

N9효모를 넣고 만들어요. 

그다음 감압 증류기로 저온 증류 과정을 거쳐 

6개월 이상 숙성을 한 뒤 완성됩니다. 





네 가지 소주 모두 만드는 방식은 같지만, 

각 지역의 쌀과 물로 술을 빚기 때문에

술의 맛이 전부 다르다는 특징이 있어요. 

그만큼 골라 먹는 재미가 있기도 하죠. 

또한 술 라벨에 옛 민화에 나오는 동물들을 그려 넣어

우리나라의 전통을 시각적으로 표현했다고 합니다',null,null);
Insert into PRODUCT_CONTENT (PRODUCT_NO,PRODUCT_FILE1,PRODUCT_FILE2,PRODUCT_FILE3,PRODUCT_FILE4,PRODUCT_FILE5,PRODUCT_CONT1,PRODUCT_CONT2,PRODUCT_CONT3,PRODUCT_CONT4,PRODUCT_CONT5) values (96,'contents_images-1621577593195-미상25-2.png','contents_images-1621577600376-미상25-1.png','contents_images-1621577607240-미상25-3.png',null,null,'감귤을 증류하여 만든 ‘미상25’는 달콤한 감귤과

상큼한 사과의 풍미까지 느낄 수 있는 술입니다.

달콤한 향과는 다르게 약간의 씁쓸함과

입안을 정리해주는 상쾌함을 갖고 있어서

질리지 않게 즐길 수 있는데요.

전체적으로 가볍고 부드러워 부담없이 마시기에도 좋습니다.','상큼한 과실의 풍미를 가진 ‘미상25’는

문어숙회, 초밥처럼 해산물 요리와

깔끔하게 드시는 것을 추천합니다.

상큼한 풍미 외에도

은은한 오크향과 상쾌한 느낌이 돋보이는 술인 만큼

수육, 삼겹살처럼 기름진 돼지고기 요리와도 잘 어울립니다.

작은 잔에 담아 그 매력에 천천히 빠져보세요. ','‘미상 25’는 제주 신례리 마을에서 재배한 감귤을 발효 한 후

압력을 낮춰 증류하는 감압식 증류 방식을 통해

깔끔하고 부드러움을 살린 술입니다.

‘미상 25%’는 총 2번의 증류 후에 오크통에서 숙성시킨

또 다른 감귤증류주 원액과 블렌딩하여 만들어집니다.',null,null);
Insert into PRODUCT_CONTENT (PRODUCT_NO,PRODUCT_FILE1,PRODUCT_FILE2,PRODUCT_FILE3,PRODUCT_FILE4,PRODUCT_FILE5,PRODUCT_CONT1,PRODUCT_CONT2,PRODUCT_CONT3,PRODUCT_CONT4,PRODUCT_CONT5) values (95,'contents_images-1654568639137-1.jpg','contents_images-1654568644790-2.jpg','contents_images-1654568660981-3.jpg',null,null,'병을 열면, 방 전체에 달콤한 복분자와 블루베리 향이

가득 퍼질 만큼 확실한 향을 가진 술이에요.

반면, 달콤한 향에 비해

단맛은 옅고 짧게 느낄 수 있을 텐데요.

부드럽고 깔끔한 목넘김을 갖고 있어서

부담 없이 마시기 좋고,

적당한 알콜감과 천천히 올라오는 작열감 덕에

기분 좋게 취기를 올리기에도 충분하답니다. :)','약간의 단맛을 가졌지만,

전체적으로 맑고 순하게 마실 수 있는 술이라서

대부분의 음식과 잘 어울리는 편이데요.

그중에서도 참치회, 참소라처럼 가벼운 해산물 요리와

깔끔하게 즐기기에 좋고요.

바지락 술찜이나 육회처럼 풍미 짙고 담백한 요리와도

환상의 궁합을 이룬답니다!','‘만월’은 술을 잔에 따른 후 위에서 바라봤을 때의 모습이

둥근 보름달 같다 하여 붙여진 이름이에요.

아름다운 분홍빛과 달콤한 베리 향은 예산지역 농가에서

재배된 ‘복분자’로부터 오게 되는데요.

이렇게 사용되는 복분자는 발효 -> 감압 증류 -> 1차 숙성 ->

복분자 과즙 첨가 -> 2차 숙성 등의 과정을 통해

‘만월’로 탄생하게 됩니다. ',null,null);
Insert into PRODUCT_CONTENT (PRODUCT_NO,PRODUCT_FILE1,PRODUCT_FILE2,PRODUCT_FILE3,PRODUCT_FILE4,PRODUCT_FILE5,PRODUCT_CONT1,PRODUCT_CONT2,PRODUCT_CONT3,PRODUCT_CONT4,PRODUCT_CONT5) values (94,'contents_images-1654847951504-4.jpg','contents_images-1654847960260-3.jpg','contents_images-1656911728678-2525.jpg',null,null,'술을 머금은 동시에 배와 꿀의 달콤함과

향긋한 생강 향이 화사하게 퍼져요. 

그다음 느껴지는 계피 향이 입안을 묵직하게 눌러주며

술맛을 더욱 풍성하게 즐길 수 있도록 이끌어주죠. 

술의 물처럼 가벼운 목 넘김 덕에 그만

높은 도수를 방심하고 들이키게 되지만

금방 따뜻해진 목 안 느낌에 살짝 놀라게 될 거예요.

술을 넘긴 뒤에도 계피가 들어간 만큼 혀끝을 알싸하게 만드는

매콤함까지 놓치지 말고 입안 가득 담아보세요.','양념이 곁들어진 고기 요리와 함께 해보세요. 

음식에 양념이 되어있는 만큼 술이

음식의 맛을 헤쳐지지 않을뿐더러

다채로운 술맛과 함께 입안 가득 풍성함을 선사해주거든요. 

또한 술의 도수와 계피, 생강에서 오는 알싸한 맛과 화사함이

고기의 기름진 맛을 잡아주기 때문에

음식 맛을 물리지 않게끔 도와줄 거예요.','먼저 쌀・물・누룩과 함께 두 번 발효 과정을 거친

이양주로 만들어요. 

만들어진 술은 맑은 부분만 떠서

감압식 증류 방식으로 술을 내려요. 

그리고 배, 생강, 계피, 울금, 꿀을 침출하여 맛과 향을 입힌 다음 

1년 동안 숙성을 거친 후에 이강주로 완성됩니다.



조선시대 3대 명주 중 하나인 이강주는

梨(배나무 이), 薑(생강 강)을 써서 붙여진 이름으로

말 그대로 배와 생강이 들어간 술이에요. 

조정형 명인께서 집안 대대로 빚어오던 가양주를 계승하여

대중화한 전통 민속주랍니다.',null,null);
Insert into PRODUCT_CONTENT (PRODUCT_NO,PRODUCT_FILE1,PRODUCT_FILE2,PRODUCT_FILE3,PRODUCT_FILE4,PRODUCT_FILE5,PRODUCT_CONT1,PRODUCT_CONT2,PRODUCT_CONT3,PRODUCT_CONT4,PRODUCT_CONT5) values (93,'contents_images-1621921342754-안동소주일품21-3.png','contents_images-1621921377361-안동소주일품21-1.png','contents_images-1621921385781-안동소주일품21-2.png',null,null,'평소 즐기던 소주에 비해 도수가 살짝 높죠?

하지만! 맛을 보면 더욱더 순하게 느껴지실 거예요. 왜냐고요?

쌀의 고소한 풍미와 함께 부드럽고 깔끔한 맛을 갖고 있거든요.

물론 초록병 소주보단 비싸지만

평소 소주를 즐겨 마시는 분들이라면 분명히 좋아하실 거예요.

이젠 소주도 맛있게! 마시자구요~','기름진 음식을 먹거나 새콤한 음식을 먹은 후에,

‘입안을 싹~ 씻겨줬으면 좋겠는데’ 하는 생각 안 드시나요?

조금 전에 무슨 음식을 먹었는지 기억도 안 날 만큼

깔끔하게 입안을 씻겨줄 거에요.

차가운 상태로 마시면 부드럽고 깔끔한 맛을

상온에 두어 마시면 쌀의 고소한 풍미를

더욱 진하게 느낄 수 있을 거예요.','한반도 소주의 고장 안동!

그 중 [안동 소주 일품]에서 만들어지는 안동 소주 시리즈는

감압식 증류 방식으로

총 2번의 여과 과정을 통해 만들어지는데요.

그 덕에 불순물과 잡내를 제거하여

깔끔하게 마실 수 있는 술이 탄생하게 된답니다.',null,null);
Insert into PRODUCT_CONTENT (PRODUCT_NO,PRODUCT_FILE1,PRODUCT_FILE2,PRODUCT_FILE3,PRODUCT_FILE4,PRODUCT_FILE5,PRODUCT_CONT1,PRODUCT_CONT2,PRODUCT_CONT3,PRODUCT_CONT4,PRODUCT_CONT5) values (92,'contents_images-1653530967977-1.jpg','contents_images-1653530973660-2.jpg','contents_images-1653530982155-3.jpg',null,null,'달콤한 체리향 강렬하게 풍기면서

40도라는 높은 도수가 입안을 상쾌하게 만들어 주고요.

목을 타고 내려가는 화끈한 작열감까지 안겨줘요.

그렇다고 너무 걱정하진 마세요!





당밀을 발효시키는 과정에서 형성된

달콤한 향과 단맛 덕분에 증류주를 잘 못 마시는 분들도

어렵지 않게 한 잔 마실 수 있는 술이거든요 :)','럼(Rum)에 속하는 이 술은 푸짐한 음식보단

치즈 플레이트, 새콤한 과일과 같이 간단한 안주류와

함께 즐기는 것을 추천해 드려요.

도수가 너무 강하다면 온더락 혹은 콜라나 과일 주스 등을 넣어

다채롭게 칵테일로 즐겨보시는 것도 좋답니다.','사탕수수의 당밀을 이용해 만든 럼(Rum)이에요.

‘밀담’은 고구려어로 3을 뜻하는 ‘밀’과

술맛이 좋음을 뜻하는 한자 ‘담’이 만나 만들어진 이름인데요.

세 번 증류하여 순하고 맛있는 술이란 의미가 있죠!

증류 방식도 감압식 증류를 사용하여

부드럽고 깔끔함을 한층 더 더했답니다.',null,null);
Insert into PRODUCT_CONTENT (PRODUCT_NO,PRODUCT_FILE1,PRODUCT_FILE2,PRODUCT_FILE3,PRODUCT_FILE4,PRODUCT_FILE5,PRODUCT_CONT1,PRODUCT_CONT2,PRODUCT_CONT3,PRODUCT_CONT4,PRODUCT_CONT5) values (91,'contents_images-1659679960232-4.jpg','contents_images-1659679966271-3.jpg','contents_images-1659679971073-2.jpg',null,null,'전체적으로 톡 튀는 맛 없이 차분한 맛을 가졌어요. 

은은한 고소함 덕에

마치 보리차를 마신 듯한 느낌을 주기도 하죠. 

그만큼 강한 자극이 없어서 물처럼 부드럽게 넘어갈 거예요. 

술을 마신 후에도 고소함이 천천히 여운을 맴돌다가, 

차분하게 가라앉는 것을 경험할 수 있습니다.','술의 고향인 강릉에 맞춰서 

안주도 강릉으로 여행 간 듯 준비해봐요. 

우리 강릉에 놀러 갔을 때 먹었던 음식 있잖아요. 

물회, 꼬막, 초당순두부, 오징어회 등등… 

여기에 부드럽고 고소한 강릉소주까지 함께 한다면, 

톡톡 튀는 음식들의 맛도 잘 감싸줄 뿐만 아니라

술과 음식만으로도 시원한 강릉의 분위기를

몰씬 담아보실 수 있을 거예요. 

멀리 가지 않더라도 분위기는 챙겨볼 수 있는 거 아니겠어요!','강릉소주는 우리소주조합에서 만든 술이에요. 

우리소주조합은 강릉, 당진, 가평, 제주 성산포

이렇게 네 지역의 양조장으로 구성된 조합으로, 

전통 증류 소주를 대중화하겠다는

공통된 목표를 갖고 운영하고 있어요.


우리소주조합의 술은 쌀을 익히지 않고 

생쌀 발효 방법을 사용하여, 

농촌진흥청에서 개발한 소주 전용 효모인 

N9효모를 넣고 만들어요. 

그다음 감압 증류기로 저온 증류 과정을 거쳐 

6개월 이상 숙성을 한 뒤 완성됩니다. 



네 가지 소주 모두 만드는 방식은 같지만, 

각 지역의 쌀과 물로 술을 빚기 때문에

술의 맛이 전부 다르다는 특징이 있어요. 

그만큼 골라 먹는 재미가 있기도 하죠. 

또한 술 라벨에 옛 민화에 나오는 동물들을 그려 넣어

우리나라의 전통을 시각적으로 표현했다고 합니다.',null,null);
Insert into PRODUCT_CONTENT (PRODUCT_NO,PRODUCT_FILE1,PRODUCT_FILE2,PRODUCT_FILE3,PRODUCT_FILE4,PRODUCT_FILE5,PRODUCT_CONT1,PRODUCT_CONT2,PRODUCT_CONT3,PRODUCT_CONT4,PRODUCT_CONT5) values (90,'contents_images-1661127835258-3.jpg','contents_images-1661127845158-1.jpg','contents_images-1661127855374-2.jpg',null,null,'‘고운달 오크’는 스모키한 오크향과

은은한 오미자 향을 느낄 수 있는 증류주인데요.

전체적으로 오미자 특유의 달콤하고 쌉싸름한 맛이 돋보이며

매끄러운 목 넘김 후에도

오랫동안 오미자의 여운을 느낄 수 있는 술입니다.','정~말 높은 도수를 가진 ‘고운달 오크‘는

입술만 살짝 적실 정도로 조금씩 마시며

천천히 풍미를 즐겨보세요.





높은 도수의 작열감(스파이시함)에 거부감이 드신다면

온더락으로 마시는 것을 추천해 드립니다.

맛있는 음식과 함께 즐겨도 좋지만

특별한 안주 없이 물, 초콜릿, 견과류, 과일과

간단하게 즐기기에도 좋답니다.','’고운달 오크‘는 문경산 오미자를 착즙, 발효하여 만든

오미자 와인을 2번의 증류 후

3년간 오크통에서 숙성시켜 만든 증류주인데요.

자개를 모티브로한 패키지 박스에 잔과 술이

함께 구성되어 있어서 선물하기에도 좋은 술입니다 :) ',null,null);
Insert into PRODUCT_CONTENT (PRODUCT_NO,PRODUCT_FILE1,PRODUCT_FILE2,PRODUCT_FILE3,PRODUCT_FILE4,PRODUCT_FILE5,PRODUCT_CONT1,PRODUCT_CONT2,PRODUCT_CONT3,PRODUCT_CONT4,PRODUCT_CONT5) values (89,'contents_images-1658114278563-2.jpg','contents_images-1658114301420-3.jpg','contents_images-1658114338518-5.jpg',null,null,'마시자마자 홀라당 넘어가 버릴 정도로 

굉장히 깔끔한 맛을 갖고 있어요. 

맛이 강렬하지 않기 때문에 자칫 밋밋하다고 느껴질 수 있지만, 

담백한 맛 덕에 술을 자꾸 들이켜게 돼요. 

여유롭게 맛을 음미해보면 은은하게 올라오는

구수함과 쌉쌀함도 경험할 수 있을 거예요.','반주를 즐기고 싶은 날, 여유 19%와 함께 해보세요! 

깔끔하고 담백한 맛의 술인 만큼 반주로 제격이거든요. 

게다가 너무 높지 않은 도수와 튀지 않는 술맛은

밥맛을 해치지도 않는답니다. 

밥 한 숟갈 뜰 때마다 술 한 잔 기울이면, 

밥 한 공기 뚝딱! 여유 한 병도 뚝딱! 비우게 될 거예요.','1956년 술춘에 담아 숙성과 보관을 했던

양촌양조장의 송광소주를 시대에 맞게 복원한 술이에요. 

여유소주는 첨가물을 넣지 않고 100% 지역 쌀로 만든 원액을

저온에서 장기 숙성하여 만드는데요. 

오랜 숙성을 거친 만큼 바쁜 현대인들에게

여유 한 잔을 선물하고자 술 이름을 새롭게 붙였다고 합니다. 

*술춘은 술을 운반할 때 쓰던 항아리를 뜻해요.',null,null);
Insert into PRODUCT_CONTENT (PRODUCT_NO,PRODUCT_FILE1,PRODUCT_FILE2,PRODUCT_FILE3,PRODUCT_FILE4,PRODUCT_FILE5,PRODUCT_CONT1,PRODUCT_CONT2,PRODUCT_CONT3,PRODUCT_CONT4,PRODUCT_CONT5) values (88,'contents_images-1661321686250-2.jpg','contents_images-1661321692382-3.jpg','contents_images-1661321697144-4.jpg',null,null,'식혜를 만들었는데, 우연찮은 계기로 소주가 된 건 아닐까?

싶은 생각이 들 만큼 달짝지근한 쌀 맛이 잘 살아있는 술이에요.

여기에 고소함과 알코올에서 비롯되는 상쾌함이 더해져

쌀의 풍미를 가볍지는 않으면서도 깔끔하게 즐길 수 있을 거예요.

목을 넘긴 뒤에는 고소한 여운이 입안을 차분하게 정리해주고,

약간의 작열감으로 마무리돼요.','평소 소주와 즐기던 삼겹살이나 곱창같이 기름진 음식도 좋지만,

주향소주 25%만큼은 술의 중후한 풍미를 해치지 않도록

담백한 음식과 함께하는 것을 추천해 드립니다.

간장 소스를 살짝 찍어 약간의 단맛까지 더할 수 있는 음식이라면

술의 달짝지근한 맛과 잘 어울려

입에 착 감기는 감칠맛까지 느껴 볼 수 있을 거예요.','양조장 담을은 도예가 남편이 만든 옹기에

아내가 빚은 증류주를 숙성시켜 술을 만드는 곳이에요.

국순당 창업주인 배상면 회장님께 양조 수업을 들었을 때,

소주를 숙성할 항아리를 만들라는 조언을 듣고

약 5년간 항아리를 연구했다고 합니다.

그 결과 2010년 즈음 소주 숙성전용 항아리를 개발하게 됐고,

2019년엔 이 옹기에서 숙성하여 만든

주향이 탄생하게 됐다고 합니다.



양조장 담을의 소주 숙성전용 항아리의 품질과 효과는

이미 주향 소주를 통해서 증명됐으며,

현재에는 다른 양조장에서도

양조장 담을의 항아리를 구매하여 사용하고 있기도 해요.

그중 대표적인 곳이 바로 ‘원소주’를 만든 원스피리츠예요!',null,null);
Insert into PRODUCT_CONTENT (PRODUCT_NO,PRODUCT_FILE1,PRODUCT_FILE2,PRODUCT_FILE3,PRODUCT_FILE4,PRODUCT_FILE5,PRODUCT_CONT1,PRODUCT_CONT2,PRODUCT_CONT3,PRODUCT_CONT4,PRODUCT_CONT5) values (87,'contents_images-1661127926227-3.jpg','contents_images-1661127936809-1.jpg','contents_images-1661127949289-2.jpg',null,null,'‘고운달 백자’는 향에서부터 코를 찌르는 듯한 높은 도수와

은은한 오미자 향을 느낄 수 있는 증류주인데요.

전체적으로 오미자 특유의 달콤하고 쌉싸름한 맛이 돋보이며

매끄러운 목 넘김 후에도

오랫동안 오미자의 여운을 느낄 수 있는 술입니다.','정~말 높은 도수를 가진 ‘고운달 백자‘는

입술만 살짝 적실 정도로 조금씩 마시며 천천히 풍미를 즐겨보세요.

높은 도수의 작열감(스파이시함)에 거부감이 드신다면

온더락으로 마시는 것을 추천해 드립니다.

맛있는 음식과 함께 즐겨도 좋지만

특별한 안주 없이 물, 초콜릿, 견과류, 과일과

간단하게 즐기기에도 좋답니다.','’고운달 백자‘는 문경산 오미자를 착즙, 발효하여 만든

오미자 와인을 2번의 증류 후

3년간 문경 백자에서 숙성시켜 만든 증류주인데요.

자개를 모티브로한 패키지 박스에 잔과 술이

함께 구성되어 있어서 선물하기에도 좋은 술입니다 :) ',null,null);
Insert into PRODUCT_CONTENT (PRODUCT_NO,PRODUCT_FILE1,PRODUCT_FILE2,PRODUCT_FILE3,PRODUCT_FILE4,PRODUCT_FILE5,PRODUCT_CONT1,PRODUCT_CONT2,PRODUCT_CONT3,PRODUCT_CONT4,PRODUCT_CONT5) values (86,'contents_images-1656602635950-2.jpg','contents_images-1656602646829-3.jpg','contents_images-1656602659017-4.jpg',null,null,'술을 마시자마자 목을 강타하는 매운맛에 깜짝 놀라게 될 거예요. 

입 안에 가득 퍼진 은은한 계피 향과 달콤쌉쌀한 풍미로 인해

마치 설탕을 묻힌 추로스를 먹은 듯한 기분을 느낄 수 있답니다. 

술을 넘긴 후에는 목을 뜨끈하게 만드는

﻿작열감이 몸속까지 전달되고, 

다시금 잔잔하게 올라오는 매콤함이 여운을 선사해줄 거예요.','기분이 좋아질 정도로 달콤한 디저트와 함께 즐겨보세요. 

단맛은 술에서 느낄 수 있는 쌉쌀함과 매콤한 풍미를

부드럽게 잡아주기 때문이에요.

게다가 술이 갖고 있는 계피의 풍미는 단맛만으로는

단조로울 수 있던 음식 맛을 채워주기 때문에

디저트만으로도 충분한 안주가 될 거예요.','달 감(甘), 붉을 홍(紅), 이슬 로(露)를 써서

말 그대로 ‘단맛이 나는 붉은색의 이슬 같은 술’이라는 뜻이에요. 

하지만 맛의 균형을 위해 붉은색을 결정짓는 지초의 양을

줄임으로써 현재 감홍로는 맑은 갈색빛을 띠고 있습니다. 

또한 감홍로만의 특색있는 병 디자인은 한복 치마폭을 표현하여

우리나라의 전통적인 의미를 담아내었고, 

병에 새겨진 문양은 우리나라 주류 문화가

나비처럼 훨훨 날아올라 언젠가 꽃을 피우겠다는

양조장만의 소망이 담겨 있습니다.',null,null);
Insert into PRODUCT_CONTENT (PRODUCT_NO,PRODUCT_FILE1,PRODUCT_FILE2,PRODUCT_FILE3,PRODUCT_FILE4,PRODUCT_FILE5,PRODUCT_CONT1,PRODUCT_CONT2,PRODUCT_CONT3,PRODUCT_CONT4,PRODUCT_CONT5) values (85,'contents_images-1654249691617-2.jpg','contents_images-1654249698891-3.jpg','contents_images-1654249706679-5.jpg',null,null,'코가 뻥 뚫릴 것만 같은 화사한 향을 가지고 있어요. 

술을 마시면 쑥, 미나리 같은

우리나라 토속적인 채소 향들이 쌉쌀하게 느껴지지만, 

라임에서 느껴질 법한 산뜻한 향이 바로 퍼지면서

상쾌한 여운을 줍니다. 

그다음 높은 도수로 인해 술이 닿은 입안과 입술까지

얼얼해지는 것을 느낄 수 있을 거예요.','고리 진만의 복합적인 풍미를 잘 느낄 수 있도록 

맛과 향이 강하지 않은 음식과 함께 해보세요. 

음식의 부족한 향을 술맛이 곳곳에 잘 채워주며

입안 가득 다채로움으로 가득 찰 거예요.

고리 진은 토닉워터를 섞어 진토닉으로 즐기기도 좋은데요. 

뼛속까지 스며드는 시원함은 물론

크래커 같은 간단한 안주와 함께 곁들이기만 해도

근사한 칵테일 바에 온 듯한 기분을 느낄 수 있을 거예요. ','진은 호밀, 옥수수 등을 원료로 만든 술에 주니퍼베리처럼

향 성분을 가진 식물을 침출시킨 후 증류해서 만들어져요. 

여기에 고리 진은 오미자, 구기자, 인삼, 생강 등 

10가지 약재를 넣어 토속적인 향을 추가했고,

마 원단으로 제작된 라벨과 기왓장 색으로 특수 제작된 병을

사용해 한국적인 분위기마저 몰씬 담아냈답니다. ',null,null);
Insert into PRODUCT_CONTENT (PRODUCT_NO,PRODUCT_FILE1,PRODUCT_FILE2,PRODUCT_FILE3,PRODUCT_FILE4,PRODUCT_FILE5,PRODUCT_CONT1,PRODUCT_CONT2,PRODUCT_CONT3,PRODUCT_CONT4,PRODUCT_CONT5) values (84,'contents_images-1662101472644-1.jpg','contents_images-1662101477277-3.jpg','contents_images-1662101482365-2.jpg',null,null,'‘천비향 화주’는

고소한 쌀의 풍미가 입안 가득 퍼지도록 만드는 술이에요.

높은 도수를 가졌지만 부드러운 목넘김을 나타내며

목을 넘긴 후엔 전통소주 특유의 누룩향을 느낄 수 있답니다.','‘천비향 화주’는 누룩향이 강한 술인만큼

강한 풍미의 음식과 잘 어울리는데요.

소곱창, 삼겹살과 같은 기름진 음식과 함께한다면

느끼한 맛을 싸-악 잡아줘서 깔끔하게 즐길 수 있을거에요.

풍부한 향에 비해 목에 남는 작열감은 크지 않은 편이라

얼음없이 스트레이트로 마시기에 좋지만

언더락으로 한층 더 부드럽게 마시는 것도 추천해 드립니다.','‘천비향 화주’를 얻기 위해서는

1년이라는 시간동안 천비향 약주를 만들고,

그 약주를 증류 시켜 다시 1년 이상 숙성을 거쳐야 하는데요.

오랜 시간 소중하게 만들어지는 술인 만큼

소중한 분께 선물로 드리기에 좋은 술입니다.',null,null);
Insert into PRODUCT_CONTENT (PRODUCT_NO,PRODUCT_FILE1,PRODUCT_FILE2,PRODUCT_FILE3,PRODUCT_FILE4,PRODUCT_FILE5,PRODUCT_CONT1,PRODUCT_CONT2,PRODUCT_CONT3,PRODUCT_CONT4,PRODUCT_CONT5) values (83,'contents_images-1637227166220-서울의밤-2.jpg','contents_images-1637227173326-서울의밤-3.jpg','contents_images-1637227178525-서울의밤-4.jpg',null,null,'‘서울의 밤’은 25도라는 높은 도수를 가지고 있지만

씁쓸한 맛보단 매실의 달콤한 풍미가 돋보이는 술이에요.

목을 넘기는 동시에 코와 입, 목으로 상쾌하게 퍼지는

매실의 풍미 또한 가히 예술이라 할 수 있는데요.

마시고 나면 언제 마셨는지 모를 만큼

깔끔함까지 느낄 수 있을 거예요 :) ','‘서울의 밤’의 높은 도수는 느끼함을 싹-잡아주므로

삼겹살, 오리고기와 같은 기름진 음식과 함께하기 좋습니다.

‘서울의 밤’의 깔끔함을 더욱 극대화하여 즐기고 싶다면

회, 샤브샤브처럼 담백한 음식을 추천드립니다!





풍부한 매실향을 지닌 ‘서울의 밤’은

온더락으로 즐겨도 충분히 맛과 향을 느낄 수 있으며

한층 더 부드러운 목 넘김을 자랑한답니다.','100% 황매실을 사용해 만든 매실원주를 감압 증류한 후

노간주 나무 열매(주니퍼 베리)를 침전 시켜

2차 증류하는 방식으로 만든 술인데요.

일반적으로 외국의 ''진''은 옥수수나 호밀 등의

곡류를 사용해 원주를 만드는 반면

서울의 밤은 매실로 만든 소주에다 노간주 나무 열매를

침출 시키는 한국형 ''진''이랍니다.',null,null);
Insert into PRODUCT_CONTENT (PRODUCT_NO,PRODUCT_FILE1,PRODUCT_FILE2,PRODUCT_FILE3,PRODUCT_FILE4,PRODUCT_FILE5,PRODUCT_CONT1,PRODUCT_CONT2,PRODUCT_CONT3,PRODUCT_CONT4,PRODUCT_CONT5) values (113,'contents_images-1623132461714-겨울소주25-3.jpg','contents_images-1623132476159-겨울소주25-1.jpg','contents_images-1623132486418-겨울소주25-2.jpg',null,null,'소주하면 알코올 특유의 맛과 향이 떠오르잖아요?

근데 ‘겨울소주’는 그런 나쁜 향과 맛 대신 고소하고 담백한 곡물의 향을 갖고 있어요.

첨가물 없이 쌀 만을 이용해 만든 만큼 달짝지근하며 고소한 맛이 느껴지고요.

정말 부드럽고 깔끔하게 넘어간답니다.','언제 어디서나 다양한 음식과 잘 어울리는 술이에요.

찌개, 탕, 볶음 등 여러분들 취향에 맞게 음식을 준비해서 행복한 시간을 보내보세요 :)

도수가 조금 높다! 라고 생각드시는 분들은 얼음+진토닉+라임 1조각 조합으로 가볍게 즐겨보세요.','‘겨울소주’는 6개월간 숙성한 발효 원주의 맑은 부분을 감압식 증류하여 만들어집니다.

이렇게 만들어진 증류주는 다시 6개월간 숙성을 통해 비로소 ‘겨울소주’로 탄생하게 되는데요.

술을 빚기 좋은 겨울에 발효 원주를 빚는 것을 시작으로 그다음 해 겨울이 돼야 소주를 맛볼 수 있어서

‘겨울소주’라는 이름을 얻게 되었으며 겨울처럼 술의 맛이 ‘맑고 깨끗하다’라는 의미도 있습니다.',null,null);
REM INSERTING into REVIEW
SET DEFINE OFF;
Insert into REVIEW (REVIEW_NO,REVIEW_TITLE,REVIEW_CONT,REVIEW_FILE,REVIEW_STAR,REVIEW_DATE,USER_ID,PRODUCT_NO,ORDER_NO) values (3,'리뷰','맛있어요 키위향이 나는 와인','E7Ja-1663760359497-A06289E2-50BF-490B-A9A8-7C7742CC4CB7.jpeg',9,to_date('22/12/28','RR/MM/DD'),'pigmun2',59,38);
Insert into REVIEW (REVIEW_NO,REVIEW_TITLE,REVIEW_CONT,REVIEW_FILE,REVIEW_STAR,REVIEW_DATE,USER_ID,PRODUCT_NO,ORDER_NO) values (1,'리뷰','리뷰 ',null,8,to_date('22/12/27','RR/MM/DD'),'test',6,18);
Insert into REVIEW (REVIEW_NO,REVIEW_TITLE,REVIEW_CONT,REVIEW_FILE,REVIEW_STAR,REVIEW_DATE,USER_ID,PRODUCT_NO,ORDER_NO) values (2,'리뷰','좀 독하네요 ㅠㅠ 술병도 예쁘고 분위기 낼때는 좋을거 같아요','wTmb-1634558096030-KakaoTalk_20211018_205227832_01.jpg',8,to_date('22/12/28','RR/MM/DD'),'pigmun2',51,37);
Insert into REVIEW (REVIEW_NO,REVIEW_TITLE,REVIEW_CONT,REVIEW_FILE,REVIEW_STAR,REVIEW_DATE,USER_ID,PRODUCT_NO,ORDER_NO) values (4,'리뷰','새콤달콤 탄산도 별로 안 강하고 가볍게 마시기 좋아여!!','eZF1-1653147736719-76B5AF04-8335-4A47-B18A-750DD869DEE7.jpeg',10,to_date('22/12/28','RR/MM/DD'),'pigmun2',78,35);
Insert into REVIEW (REVIEW_NO,REVIEW_TITLE,REVIEW_CONT,REVIEW_FILE,REVIEW_STAR,REVIEW_DATE,USER_ID,PRODUCT_NO,ORDER_NO) values (5,'리뷰','깔끔하고 향도 좋아서. 기분좋은 술.','우렁이쌀2.jpeg',10,to_date('22/12/28','RR/MM/DD'),'drunkyj87',36,47);
Insert into REVIEW (REVIEW_NO,REVIEW_TITLE,REVIEW_CONT,REVIEW_FILE,REVIEW_STAR,REVIEW_DATE,USER_ID,PRODUCT_NO,ORDER_NO) values (6,'리뷰','아직 안마셨는데 반짝반짝 너무 예뻐요~','금설1.jpg',8,to_date('22/12/28','RR/MM/DD'),'drunkyj87',109,45);
Insert into REVIEW (REVIEW_NO,REVIEW_TITLE,REVIEW_CONT,REVIEW_FILE,REVIEW_STAR,REVIEW_DATE,USER_ID,PRODUCT_NO,ORDER_NO) values (7,'리뷰','너무 상큼해요 ㅜㅜㅜ 짱 맛!!',null,8,to_date('22/12/28','RR/MM/DD'),'drunkyj87',71,46);
Insert into REVIEW (REVIEW_NO,REVIEW_TITLE,REVIEW_CONT,REVIEW_FILE,REVIEW_STAR,REVIEW_DATE,USER_ID,PRODUCT_NO,ORDER_NO) values (8,'리뷰','처음 마셨을땐 맛있는줄 몰랐는데 어느새 사로잡혔어요. 맛나요.',null,10,to_date('22/12/28','RR/MM/DD'),'koko4885',3,40);
Insert into REVIEW (REVIEW_NO,REVIEW_TITLE,REVIEW_CONT,REVIEW_FILE,REVIEW_STAR,REVIEW_DATE,USER_ID,PRODUCT_NO,ORDER_NO) values (9,'리뷰','오메기떡이랑 같이 먹을려구요!! 부드러워요~~','오메기술1.jpeg',8,to_date('22/12/28','RR/MM/DD'),'drunkyj87',45,44);
Insert into REVIEW (REVIEW_NO,REVIEW_TITLE,REVIEW_CONT,REVIEW_FILE,REVIEW_STAR,REVIEW_DATE,USER_ID,PRODUCT_NO,ORDER_NO) values (10,'리뷰','라이트 하고 좋아요 다음에 또 시키려구요',null,8,to_date('22/12/28','RR/MM/DD'),'koko4885',6,42);
Insert into REVIEW (REVIEW_NO,REVIEW_TITLE,REVIEW_CONT,REVIEW_FILE,REVIEW_STAR,REVIEW_DATE,USER_ID,PRODUCT_NO,ORDER_NO) values (11,'리뷰','그냥 그렇네요 제 입엔 좀 달아요',null,6,to_date('22/12/28','RR/MM/DD'),'koko4885',5,48);
Insert into REVIEW (REVIEW_NO,REVIEW_TITLE,REVIEW_CONT,REVIEW_FILE,REVIEW_STAR,REVIEW_DATE,USER_ID,PRODUCT_NO,ORDER_NO) values (12,'리뷰','츄베릅!!!!!!!!!!!!!!! 함냐함냐함!!!!!!!',null,10,to_date('22/12/28','RR/MM/DD'),'koko4885',1,41);
Insert into REVIEW (REVIEW_NO,REVIEW_TITLE,REVIEW_CONT,REVIEW_FILE,REVIEW_STAR,REVIEW_DATE,USER_ID,PRODUCT_NO,ORDER_NO) values (13,'리뷰','요새로제 맛있더라? 우후훙',null,8,to_date('22/12/28','RR/MM/DD'),'koko4885',74,49);
Insert into REVIEW (REVIEW_NO,REVIEW_TITLE,REVIEW_CONT,REVIEW_FILE,REVIEW_STAR,REVIEW_DATE,USER_ID,PRODUCT_NO,ORDER_NO) values (14,'리뷰','깔끔한 맛이에요.',null,10,to_date('22/12/28','RR/MM/DD'),'koko4885',102,51);
Insert into REVIEW (REVIEW_NO,REVIEW_TITLE,REVIEW_CONT,REVIEW_FILE,REVIEW_STAR,REVIEW_DATE,USER_ID,PRODUCT_NO,ORDER_NO) values (15,'리뷰','홍주의 매력에 빠졌어요',null,10,to_date('22/12/28','RR/MM/DD'),'koko4885',100,53);
Insert into REVIEW (REVIEW_NO,REVIEW_TITLE,REVIEW_CONT,REVIEW_FILE,REVIEW_STAR,REVIEW_DATE,USER_ID,PRODUCT_NO,ORDER_NO) values (16,'리뷰','깔끔한 술입니다. 음식에 곁들이기 좋아요',null,10,to_date('22/12/28','RR/MM/DD'),'koko4885',103,52);
Insert into REVIEW (REVIEW_NO,REVIEW_TITLE,REVIEW_CONT,REVIEW_FILE,REVIEW_STAR,REVIEW_DATE,USER_ID,PRODUCT_NO,ORDER_NO) values (17,'리뷰','패키지도 너무 예쁘고 진짜 맛있어요!','추사1.jpeg',10,to_date('22/12/28','RR/MM/DD'),'drunkyj87',114,59);
Insert into REVIEW (REVIEW_NO,REVIEW_TITLE,REVIEW_CONT,REVIEW_FILE,REVIEW_STAR,REVIEW_DATE,USER_ID,PRODUCT_NO,ORDER_NO) values (18,'리뷰','매실주 위험하네요 맛있어요',null,9,to_date('22/12/28','RR/MM/DD'),'koko4885',115,63);
Insert into REVIEW (REVIEW_NO,REVIEW_TITLE,REVIEW_CONT,REVIEW_FILE,REVIEW_STAR,REVIEW_DATE,USER_ID,PRODUCT_NO,ORDER_NO) values (19,'리뷰','생각보다 별로네요... 그냥 따로 따로 먹는걸 추천!',null,6,to_date('22/12/28','RR/MM/DD'),'drunkyj87',1,61);
Insert into REVIEW (REVIEW_NO,REVIEW_TITLE,REVIEW_CONT,REVIEW_FILE,REVIEW_STAR,REVIEW_DATE,USER_ID,PRODUCT_NO,ORDER_NO) values (20,'리뷰','붉은 원숭이인가 맛있어서 샀는데 고냥 쩝~','술취한원숭이1.jpg',5,to_date('22/12/28','RR/MM/DD'),'drunkyj87',11,60);
Insert into REVIEW (REVIEW_NO,REVIEW_TITLE,REVIEW_CONT,REVIEW_FILE,REVIEW_STAR,REVIEW_DATE,USER_ID,PRODUCT_NO,ORDER_NO) values (21,'리뷰','매우매우 라이트합니다. 가볍게 마시기 좋습니다.',null,9,to_date('22/12/28','RR/MM/DD'),'drunkyj87',6,57);
Insert into REVIEW (REVIEW_NO,REVIEW_TITLE,REVIEW_CONT,REVIEW_FILE,REVIEW_STAR,REVIEW_DATE,USER_ID,PRODUCT_NO,ORDER_NO) values (22,'리뷰','막걸리+요쿠르트 = 맛이 없을 수 없는 조합!','막구르트2.jpeg',10,to_date('22/12/28','RR/MM/DD'),'kky1114',1,64);
Insert into REVIEW (REVIEW_NO,REVIEW_TITLE,REVIEW_CONT,REVIEW_FILE,REVIEW_STAR,REVIEW_DATE,USER_ID,PRODUCT_NO,ORDER_NO) values (23,'리뷰','국산 와인은 처음 사봤는데 포도향이 가득하네요. 편견이 있었는데 편견보다 좋은 와인 같습니다',null,8,to_date('22/12/28','RR/MM/DD'),'drunkyj87',81,58);
Insert into REVIEW (REVIEW_NO,REVIEW_TITLE,REVIEW_CONT,REVIEW_FILE,REVIEW_STAR,REVIEW_DATE,USER_ID,PRODUCT_NO,ORDER_NO) values (24,'리뷰','디자인 좋구 평범한 맛이에요','시향가_1.jpeg',7,to_date('22/12/28','RR/MM/DD'),'kky1114',26,62);
Insert into REVIEW (REVIEW_NO,REVIEW_TITLE,REVIEW_CONT,REVIEW_FILE,REVIEW_STAR,REVIEW_DATE,USER_ID,PRODUCT_NO,ORDER_NO) values (25,'리뷰','제가 좀 주정뱅이인데 이건 진짜 별로에요.... ',null,2,to_date('22/12/28','RR/MM/DD'),'test',1,66);
Insert into REVIEW (REVIEW_NO,REVIEW_TITLE,REVIEW_CONT,REVIEW_FILE,REVIEW_STAR,REVIEW_DATE,USER_ID,PRODUCT_NO,ORDER_NO) values (26,'리뷰','생각했던 것보다 별로 맛 없네여..',null,3,to_date('22/12/28','RR/MM/DD'),'pigmun2',1,65);
Insert into REVIEW (REVIEW_NO,REVIEW_TITLE,REVIEW_CONT,REVIEW_FILE,REVIEW_STAR,REVIEW_DATE,USER_ID,PRODUCT_NO,ORDER_NO) values (27,'리뷰','선물용으로 구입했습니다 다들 맛이 독특하고 괜찮다고 합니다 ㅎㅎ 만족하네요 ㅎㅎ',null,9,to_date('22/12/28','RR/MM/DD'),'kky1114',27,56);
Insert into REVIEW (REVIEW_NO,REVIEW_TITLE,REVIEW_CONT,REVIEW_FILE,REVIEW_STAR,REVIEW_DATE,USER_ID,PRODUCT_NO,ORDER_NO) values (28,'리뷰','부드럽고 진한 맛이 인상적인 그런 막걸리 입니다.
탁주라는 종류에 딱맞는 그런 맛이예요','하얀까마귀_1.jpeg',10,to_date('22/12/28','RR/MM/DD'),'kky1114',29,54);
Insert into REVIEW (REVIEW_NO,REVIEW_TITLE,REVIEW_CONT,REVIEW_FILE,REVIEW_STAR,REVIEW_DATE,USER_ID,PRODUCT_NO,ORDER_NO) values (46,'리뷰','맛있네요','리뷰용.jpg',10,to_date('22/12/29','RR/MM/DD'),'test',64,33);
Insert into REVIEW (REVIEW_NO,REVIEW_TITLE,REVIEW_CONT,REVIEW_FILE,REVIEW_STAR,REVIEW_DATE,USER_ID,PRODUCT_NO,ORDER_NO) values (30,'리뷰','많이 달지만 도수가 있어서 좋은것 같아요.','74xx-1650093859648-1649294766506－2.jpg',9,to_date('22/12/28','RR/MM/DD'),'dudgns08',79,77);
Insert into REVIEW (REVIEW_NO,REVIEW_TITLE,REVIEW_CONT,REVIEW_FILE,REVIEW_STAR,REVIEW_DATE,USER_ID,PRODUCT_NO,ORDER_NO) values (31,'리뷰','고급스러워요. 근데 선물용으로 박스도 따로 있었으면 좋겠어요.',null,10,to_date('22/12/28','RR/MM/DD'),'dudgns08',50,73);
Insert into REVIEW (REVIEW_NO,REVIEW_TITLE,REVIEW_CONT,REVIEW_FILE,REVIEW_STAR,REVIEW_DATE,USER_ID,PRODUCT_NO,ORDER_NO) values (32,'리뷰','두 번째 시켜요 너무 맛있어요 !','AbCC-1671610752592-1671610641319.jpg',10,to_date('22/12/28','RR/MM/DD'),'dudgns08',75,75);
Insert into REVIEW (REVIEW_NO,REVIEW_TITLE,REVIEW_CONT,REVIEW_FILE,REVIEW_STAR,REVIEW_DATE,USER_ID,PRODUCT_NO,ORDER_NO) values (33,'리뷰','역시 기대를 저버리지 않는군요','eAid-1668498668445-16684986564962258201007313485255.jpg',10,to_date('22/12/28','RR/MM/DD'),'dudgns08',111,74);
Insert into REVIEW (REVIEW_NO,REVIEW_TITLE,REVIEW_CONT,REVIEW_FILE,REVIEW_STAR,REVIEW_DATE,USER_ID,PRODUCT_NO,ORDER_NO) values (34,'리뷰','생각보다 달지 않고, 요쿠르트 맛이 약하네요!ㅜㅜ

요쿠르트 맛이 강하면서 막걸리 향이 더해지는 건 줄 알았는데,

막걸리90 요쿠르트향10 정도입니다','mSKD-1672110539082-54C1E52F-5E11-438E-8D58-0BF53FAB87CB.jpeg',6,to_date('22/12/28','RR/MM/DD'),'dudgns08',1,71);
Insert into REVIEW (REVIEW_NO,REVIEW_TITLE,REVIEW_CONT,REVIEW_FILE,REVIEW_STAR,REVIEW_DATE,USER_ID,PRODUCT_NO,ORDER_NO) values (35,'리뷰','반짝 반짝 분위기에~
술맛에 꺄~~~
즐겁게 맛있게 먹는 금설이예요

선물용으로도 좋을꺼 같아요','biq2-1628122137444-E59E84DC-EE2E-4750-A17D-5236EFE08216.jpeg',9,to_date('22/12/28','RR/MM/DD'),'dudgns08',109,69);
Insert into REVIEW (REVIEW_NO,REVIEW_TITLE,REVIEW_CONT,REVIEW_FILE,REVIEW_STAR,REVIEW_DATE,USER_ID,PRODUCT_NO,ORDER_NO) values (36,'리뷰','맛있어요~ 과하게달지않아 좋아요 고기랑잘어울려요','u1er-1635572542216-1592746075381-4.jpg',10,to_date('22/12/28','RR/MM/DD'),'dudgns08',41,70);
Insert into REVIEW (REVIEW_NO,REVIEW_TITLE,REVIEW_CONT,REVIEW_FILE,REVIEW_STAR,REVIEW_DATE,USER_ID,PRODUCT_NO,ORDER_NO) values (37,'리뷰','솔직히 진짜 맛있었어요
달달한 냄새도 나고 목넘김도 좋구오!!
다만 술쟁이들이라 한 병을 비우고도 아쉬워서 다른걸 더 먹었다는..ㅎㅎㅎㅎ 정말 그정도로 술술 들어갔습니다~:)','KHDL-1638583296632-B69E31B8-E1C1-4A3C-ACE9-F8DA773996D9.jpeg',10,to_date('22/12/28','RR/MM/DD'),'dudgns08',110,68);
Insert into REVIEW (REVIEW_NO,REVIEW_TITLE,REVIEW_CONT,REVIEW_FILE,REVIEW_STAR,REVIEW_DATE,USER_ID,PRODUCT_NO,ORDER_NO) values (38,'리뷰','달달하고 맛나다하여 친구 선물하려고 주문했습니다','우렁이쌀3.jpg',10,to_date('22/12/28','RR/MM/DD'),'kky1114',36,50);
Insert into REVIEW (REVIEW_NO,REVIEW_TITLE,REVIEW_CONT,REVIEW_FILE,REVIEW_STAR,REVIEW_DATE,USER_ID,PRODUCT_NO,ORDER_NO) values (39,'리뷰','오랜 친구와 술한잔~!
부드러운 목 느낌!
깔끔한 뒤끝!
디자인도 예뻐서 화병으로 사용할려고요.',null,8,to_date('22/12/28','RR/MM/DD'),'kky1114',108,80);
Insert into REVIEW (REVIEW_NO,REVIEW_TITLE,REVIEW_CONT,REVIEW_FILE,REVIEW_STAR,REVIEW_DATE,USER_ID,PRODUCT_NO,ORDER_NO) values (40,'리뷰','눈에 잘 들어오는 색감에 강하고 깔끔해요.',null,7,to_date('22/12/28','RR/MM/DD'),'kky1114',112,81);
Insert into REVIEW (REVIEW_NO,REVIEW_TITLE,REVIEW_CONT,REVIEW_FILE,REVIEW_STAR,REVIEW_DATE,USER_ID,PRODUCT_NO,ORDER_NO) values (41,'리뷰','☆선물용으로 사지 마세요☆
',null,1,to_date('22/12/28','RR/MM/DD'),'kky1114',51,79);
Insert into REVIEW (REVIEW_NO,REVIEW_TITLE,REVIEW_CONT,REVIEW_FILE,REVIEW_STAR,REVIEW_DATE,USER_ID,PRODUCT_NO,ORDER_NO) values (42,'리뷰','맛있어서 또 사마셨어요! 배송도 빠르고 안전하게 와서 좋습니다:)',null,10,to_date('22/12/28','RR/MM/DD'),'kky1114',23,78);
Insert into REVIEW (REVIEW_NO,REVIEW_TITLE,REVIEW_CONT,REVIEW_FILE,REVIEW_STAR,REVIEW_DATE,USER_ID,PRODUCT_NO,ORDER_NO) values (43,'리뷰','주말에 가족들이랑 먹을려고 주문했어요
막쿠르트도 같이 주문했는데~~주말에 집들이용 음료라~~
꼭 받았으면 좋겠어요 ^^',null,0,to_date('22/12/28','RR/MM/DD'),'kky1114',3,67);
Insert into REVIEW (REVIEW_NO,REVIEW_TITLE,REVIEW_CONT,REVIEW_FILE,REVIEW_STAR,REVIEW_DATE,USER_ID,PRODUCT_NO,ORDER_NO) values (44,'리뷰','맛있어요 !!!',null,10,to_date('22/12/28','RR/MM/DD'),'koko4885',36,82);
Insert into REVIEW (REVIEW_NO,REVIEW_TITLE,REVIEW_CONT,REVIEW_FILE,REVIEW_STAR,REVIEW_DATE,USER_ID,PRODUCT_NO,ORDER_NO) values (45,'리뷰','맛잇는거같아요 아마도','리뷰용.jpg',9,to_date('22/12/29','RR/MM/DD'),'test',26,34);
REM INSERTING into SUB_USER_STATUS
SET DEFINE OFF;
Insert into SUB_USER_STATUS (SUB_NO,USER_STATUS,USER_ID) values (1,'구독중','test');
Insert into SUB_USER_STATUS (SUB_NO,USER_STATUS,USER_ID) values (4,'구독중','test1');
Insert into SUB_USER_STATUS (SUB_NO,USER_STATUS,USER_ID) values (2,'구독중','koko4885');
Insert into SUB_USER_STATUS (SUB_NO,USER_STATUS,USER_ID) values (3,'구독중','dudgns08');
REM INSERTING into SUBSCRIBE
SET DEFINE OFF;
Insert into SUBSCRIBE (SUB_NO,SUB_PACKAGE,SUB_DATE,PRODUCT_NO,SUB_IMAGE,SUB_ENDDATE,SUB_STATUS,SUB_PACKAGE_NO,SUB_PRICE) values (4,'2023-01월 패키지',to_date('23/01/01','RR/MM/DD'),4,'sub_package.png',to_date('23/01/31','RR/MM/DD'),'신청불가',2,49000);
Insert into SUBSCRIBE (SUB_NO,SUB_PACKAGE,SUB_DATE,PRODUCT_NO,SUB_IMAGE,SUB_ENDDATE,SUB_STATUS,SUB_PACKAGE_NO,SUB_PRICE) values (5,'2023-01월 패키지',to_date('23/01/01','RR/MM/DD'),5,'sub_package.png',to_date('23/01/31','RR/MM/DD'),'신청불가',2,49000);
Insert into SUBSCRIBE (SUB_NO,SUB_PACKAGE,SUB_DATE,PRODUCT_NO,SUB_IMAGE,SUB_ENDDATE,SUB_STATUS,SUB_PACKAGE_NO,SUB_PRICE) values (6,'2023-01월 패키지',to_date('23/01/01','RR/MM/DD'),6,'sub_package.png',to_date('23/01/31','RR/MM/DD'),'신청불가',2,49000);
Insert into SUBSCRIBE (SUB_NO,SUB_PACKAGE,SUB_DATE,PRODUCT_NO,SUB_IMAGE,SUB_ENDDATE,SUB_STATUS,SUB_PACKAGE_NO,SUB_PRICE) values (1,'2022-12월 패키지',to_date('22/12/01','RR/MM/DD'),1,'sub_package.png',to_date('22/12/31','RR/MM/DD'),'신청가능',1,39000);
Insert into SUBSCRIBE (SUB_NO,SUB_PACKAGE,SUB_DATE,PRODUCT_NO,SUB_IMAGE,SUB_ENDDATE,SUB_STATUS,SUB_PACKAGE_NO,SUB_PRICE) values (2,'2022-12월 패키지',to_date('22/12/01','RR/MM/DD'),2,'sub_package.png',to_date('22/12/31','RR/MM/DD'),'신청가능',1,39000);
Insert into SUBSCRIBE (SUB_NO,SUB_PACKAGE,SUB_DATE,PRODUCT_NO,SUB_IMAGE,SUB_ENDDATE,SUB_STATUS,SUB_PACKAGE_NO,SUB_PRICE) values (3,'2022-12월 패키지',to_date('22/12/01','RR/MM/DD'),3,'sub_package.png',to_date('22/12/31','RR/MM/DD'),'신청가능',1,39000);
Insert into SUBSCRIBE (SUB_NO,SUB_PACKAGE,SUB_DATE,PRODUCT_NO,SUB_IMAGE,SUB_ENDDATE,SUB_STATUS,SUB_PACKAGE_NO,SUB_PRICE) values (7,'2023-02월 패키지',to_date('23/02/01','RR/MM/DD'),113,'sub_package.png',to_date('23/02/28','RR/MM/DD'),'신청불가',3,39000);
Insert into SUBSCRIBE (SUB_NO,SUB_PACKAGE,SUB_DATE,PRODUCT_NO,SUB_IMAGE,SUB_ENDDATE,SUB_STATUS,SUB_PACKAGE_NO,SUB_PRICE) values (8,'2023-02월 패키지',to_date('23/02/01','RR/MM/DD'),77,'sub_package.png',to_date('23/02/28','RR/MM/DD'),'신청불가',3,39000);
Insert into SUBSCRIBE (SUB_NO,SUB_PACKAGE,SUB_DATE,PRODUCT_NO,SUB_IMAGE,SUB_ENDDATE,SUB_STATUS,SUB_PACKAGE_NO,SUB_PRICE) values (9,'2023-02월 패키지',to_date('23/02/01','RR/MM/DD'),21,'sub_package.png',to_date('23/02/28','RR/MM/DD'),'신청불가',3,39000);
REM INSERTING into SUBSCRIBE_USER
SET DEFINE OFF;
Insert into SUBSCRIBE_USER (SUB_NO,SUB_START,SUB_END,USER_STATUS,USER_ID,SUB_PACKAGE,DELI_NO) values (1,to_date('22/12/01','RR/MM/DD'),to_date('22/12/31','RR/MM/DD'),'구독','test','2022-12월 패키지',1);
Insert into SUBSCRIBE_USER (SUB_NO,SUB_START,SUB_END,USER_STATUS,USER_ID,SUB_PACKAGE,DELI_NO) values (1,to_date('22/12/29','RR/MM/DD'),null,'구독','test1','2022-12월 패키지',29);
Insert into SUBSCRIBE_USER (SUB_NO,SUB_START,SUB_END,USER_STATUS,USER_ID,SUB_PACKAGE,DELI_NO) values (1,to_date('22/12/28','RR/MM/DD'),null,'구독','koko4885','2022-12월 패키지',21);
Insert into SUBSCRIBE_USER (SUB_NO,SUB_START,SUB_END,USER_STATUS,USER_ID,SUB_PACKAGE,DELI_NO) values (1,to_date('22/12/28','RR/MM/DD'),null,'구독','dudgns08','2022-12월 패키지',19);
REM INSERTING into TB_ORDER
SET DEFINE OFF;
Insert into TB_ORDER (ORDER_NO,ORDER_STATUS,ORDER_DATE,USER_ID,PRODUCT_NO,ORDER_AMOUNT,ORDER_PACKAGE,DELI_NO) values (1,'배송중',to_date('22/12/08','RR/MM/DD'),'test',1,1,1,null);
Insert into TB_ORDER (ORDER_NO,ORDER_STATUS,ORDER_DATE,USER_ID,PRODUCT_NO,ORDER_AMOUNT,ORDER_PACKAGE,DELI_NO) values (2,'주문 완료',to_date('22/12/08','RR/MM/DD'),'test',4,2,2,null);
Insert into TB_ORDER (ORDER_NO,ORDER_STATUS,ORDER_DATE,USER_ID,PRODUCT_NO,ORDER_AMOUNT,ORDER_PACKAGE,DELI_NO) values (3,'주문 완료',to_date('22/12/08','RR/MM/DD'),'test',3,3,3,null);
Insert into TB_ORDER (ORDER_NO,ORDER_STATUS,ORDER_DATE,USER_ID,PRODUCT_NO,ORDER_AMOUNT,ORDER_PACKAGE,DELI_NO) values (8,'주문 완료',to_date('22/12/20','RR/MM/DD'),'test',6,1,6,3);
Insert into TB_ORDER (ORDER_NO,ORDER_STATUS,ORDER_DATE,USER_ID,PRODUCT_NO,ORDER_AMOUNT,ORDER_PACKAGE,DELI_NO) values (4,'취소',to_date('22/12/09','RR/MM/DD'),'test',7,1,4,null);
Insert into TB_ORDER (ORDER_NO,ORDER_STATUS,ORDER_DATE,USER_ID,PRODUCT_NO,ORDER_AMOUNT,ORDER_PACKAGE,DELI_NO) values (9,'배송 완료',to_date('22/12/20','RR/MM/DD'),'test',3,3,6,3);
Insert into TB_ORDER (ORDER_NO,ORDER_STATUS,ORDER_DATE,USER_ID,PRODUCT_NO,ORDER_AMOUNT,ORDER_PACKAGE,DELI_NO) values (10,'주문 완료',to_date('22/12/20','RR/MM/DD'),'test',6,1,7,3);
Insert into TB_ORDER (ORDER_NO,ORDER_STATUS,ORDER_DATE,USER_ID,PRODUCT_NO,ORDER_AMOUNT,ORDER_PACKAGE,DELI_NO) values (5,'주문 완료',to_date('22/12/15','RR/MM/DD'),'test',3,3,5,null);
Insert into TB_ORDER (ORDER_NO,ORDER_STATUS,ORDER_DATE,USER_ID,PRODUCT_NO,ORDER_AMOUNT,ORDER_PACKAGE,DELI_NO) values (6,'배송 완료',to_date('22/12/15','RR/MM/DD'),'test',2,2,5,null);
Insert into TB_ORDER (ORDER_NO,ORDER_STATUS,ORDER_DATE,USER_ID,PRODUCT_NO,ORDER_AMOUNT,ORDER_PACKAGE,DELI_NO) values (7,'배송 완료',to_date('22/12/15','RR/MM/DD'),'test',5,1,5,null);
Insert into TB_ORDER (ORDER_NO,ORDER_STATUS,ORDER_DATE,USER_ID,PRODUCT_NO,ORDER_AMOUNT,ORDER_PACKAGE,DELI_NO) values (11,'주문 완료',to_date('22/12/20','RR/MM/DD'),'test',3,3,7,3);
Insert into TB_ORDER (ORDER_NO,ORDER_STATUS,ORDER_DATE,USER_ID,PRODUCT_NO,ORDER_AMOUNT,ORDER_PACKAGE,DELI_NO) values (12,'배송 완료',to_date('22/12/21','RR/MM/DD'),'test',6,1,8,3);
Insert into TB_ORDER (ORDER_NO,ORDER_STATUS,ORDER_DATE,USER_ID,PRODUCT_NO,ORDER_AMOUNT,ORDER_PACKAGE,DELI_NO) values (13,'주문 완료',to_date('22/12/21','RR/MM/DD'),'test',5,1,8,3);
Insert into TB_ORDER (ORDER_NO,ORDER_STATUS,ORDER_DATE,USER_ID,PRODUCT_NO,ORDER_AMOUNT,ORDER_PACKAGE,DELI_NO) values (14,'주문 완료',to_date('22/12/21','RR/MM/DD'),'test',6,1,9,1);
Insert into TB_ORDER (ORDER_NO,ORDER_STATUS,ORDER_DATE,USER_ID,PRODUCT_NO,ORDER_AMOUNT,ORDER_PACKAGE,DELI_NO) values (15,'배송 완료',to_date('22/12/21','RR/MM/DD'),'test',15,1,10,3);
Insert into TB_ORDER (ORDER_NO,ORDER_STATUS,ORDER_DATE,USER_ID,PRODUCT_NO,ORDER_AMOUNT,ORDER_PACKAGE,DELI_NO) values (16,'주문 완료',to_date('22/12/21','RR/MM/DD'),'test',15,2,11,3);
Insert into TB_ORDER (ORDER_NO,ORDER_STATUS,ORDER_DATE,USER_ID,PRODUCT_NO,ORDER_AMOUNT,ORDER_PACKAGE,DELI_NO) values (17,'배송 완료',to_date('22/12/21','RR/MM/DD'),'test',3,1,11,3);
Insert into TB_ORDER (ORDER_NO,ORDER_STATUS,ORDER_DATE,USER_ID,PRODUCT_NO,ORDER_AMOUNT,ORDER_PACKAGE,DELI_NO) values (18,'배송 완료',to_date('22/12/22','RR/MM/DD'),'test',6,7,12,2);
Insert into TB_ORDER (ORDER_NO,ORDER_STATUS,ORDER_DATE,USER_ID,PRODUCT_NO,ORDER_AMOUNT,ORDER_PACKAGE,DELI_NO) values (19,'배송 완료',to_date('22/12/23','RR/MM/DD'),'jointest3',3,1,13,13);
Insert into TB_ORDER (ORDER_NO,ORDER_STATUS,ORDER_DATE,USER_ID,PRODUCT_NO,ORDER_AMOUNT,ORDER_PACKAGE,DELI_NO) values (20,'주문 완료',to_date('22/12/23','RR/MM/DD'),'test',26,1,14,3);
Insert into TB_ORDER (ORDER_NO,ORDER_STATUS,ORDER_DATE,USER_ID,PRODUCT_NO,ORDER_AMOUNT,ORDER_PACKAGE,DELI_NO) values (21,'주문 완료',to_date('22/12/23','RR/MM/DD'),'test',6,1,14,3);
Insert into TB_ORDER (ORDER_NO,ORDER_STATUS,ORDER_DATE,USER_ID,PRODUCT_NO,ORDER_AMOUNT,ORDER_PACKAGE,DELI_NO) values (22,'주문 완료',to_date('22/12/23','RR/MM/DD'),'test',113,10,15,3);
Insert into TB_ORDER (ORDER_NO,ORDER_STATUS,ORDER_DATE,USER_ID,PRODUCT_NO,ORDER_AMOUNT,ORDER_PACKAGE,DELI_NO) values (23,'주문 완료',to_date('22/12/23','RR/MM/DD'),'test',53,10,15,3);
Insert into TB_ORDER (ORDER_NO,ORDER_STATUS,ORDER_DATE,USER_ID,PRODUCT_NO,ORDER_AMOUNT,ORDER_PACKAGE,DELI_NO) values (24,'배송중',to_date('22/12/23','RR/MM/DD'),'test',28,9,16,3);
Insert into TB_ORDER (ORDER_NO,ORDER_STATUS,ORDER_DATE,USER_ID,PRODUCT_NO,ORDER_AMOUNT,ORDER_PACKAGE,DELI_NO) values (25,'주문 완료',to_date('22/12/23','RR/MM/DD'),'test',114,1,17,3);
Insert into TB_ORDER (ORDER_NO,ORDER_STATUS,ORDER_DATE,USER_ID,PRODUCT_NO,ORDER_AMOUNT,ORDER_PACKAGE,DELI_NO) values (26,'배송중',to_date('22/12/23','RR/MM/DD'),'test',6,1,18,3);
Insert into TB_ORDER (ORDER_NO,ORDER_STATUS,ORDER_DATE,USER_ID,PRODUCT_NO,ORDER_AMOUNT,ORDER_PACKAGE,DELI_NO) values (27,'주문 완료',to_date('22/12/23','RR/MM/DD'),'test',81,1,19,3);
Insert into TB_ORDER (ORDER_NO,ORDER_STATUS,ORDER_DATE,USER_ID,PRODUCT_NO,ORDER_AMOUNT,ORDER_PACKAGE,DELI_NO) values (28,'배송중',to_date('22/12/23','RR/MM/DD'),'test',22,1,20,3);
Insert into TB_ORDER (ORDER_NO,ORDER_STATUS,ORDER_DATE,USER_ID,PRODUCT_NO,ORDER_AMOUNT,ORDER_PACKAGE,DELI_NO) values (29,'취소',to_date('22/12/23','RR/MM/DD'),'test',80,3,21,3);
Insert into TB_ORDER (ORDER_NO,ORDER_STATUS,ORDER_DATE,USER_ID,PRODUCT_NO,ORDER_AMOUNT,ORDER_PACKAGE,DELI_NO) values (30,'배송 완료',to_date('22/12/23','RR/MM/DD'),'test',15,1,22,3);
Insert into TB_ORDER (ORDER_NO,ORDER_STATUS,ORDER_DATE,USER_ID,PRODUCT_NO,ORDER_AMOUNT,ORDER_PACKAGE,DELI_NO) values (31,'배송 완료',to_date('22/12/23','RR/MM/DD'),'test',69,1,23,3);
Insert into TB_ORDER (ORDER_NO,ORDER_STATUS,ORDER_DATE,USER_ID,PRODUCT_NO,ORDER_AMOUNT,ORDER_PACKAGE,DELI_NO) values (32,'배송 완료',to_date('22/12/23','RR/MM/DD'),'test',61,4,24,3);
Insert into TB_ORDER (ORDER_NO,ORDER_STATUS,ORDER_DATE,USER_ID,PRODUCT_NO,ORDER_AMOUNT,ORDER_PACKAGE,DELI_NO) values (33,'배송 완료',to_date('22/12/23','RR/MM/DD'),'test',64,1,24,3);
Insert into TB_ORDER (ORDER_NO,ORDER_STATUS,ORDER_DATE,USER_ID,PRODUCT_NO,ORDER_AMOUNT,ORDER_PACKAGE,DELI_NO) values (34,'배송 완료',to_date('22/12/27','RR/MM/DD'),'test',26,3,25,3);
Insert into TB_ORDER (ORDER_NO,ORDER_STATUS,ORDER_DATE,USER_ID,PRODUCT_NO,ORDER_AMOUNT,ORDER_PACKAGE,DELI_NO) values (35,'배송 완료',to_date('22/12/28','RR/MM/DD'),'pigmun2',78,1,26,18);
Insert into TB_ORDER (ORDER_NO,ORDER_STATUS,ORDER_DATE,USER_ID,PRODUCT_NO,ORDER_AMOUNT,ORDER_PACKAGE,DELI_NO) values (36,'배송 완료',to_date('22/12/28','RR/MM/DD'),'pigmun2',80,1,26,18);
Insert into TB_ORDER (ORDER_NO,ORDER_STATUS,ORDER_DATE,USER_ID,PRODUCT_NO,ORDER_AMOUNT,ORDER_PACKAGE,DELI_NO) values (37,'배송 완료',to_date('22/12/28','RR/MM/DD'),'pigmun2',51,1,26,18);
Insert into TB_ORDER (ORDER_NO,ORDER_STATUS,ORDER_DATE,USER_ID,PRODUCT_NO,ORDER_AMOUNT,ORDER_PACKAGE,DELI_NO) values (38,'배송 완료',to_date('22/12/28','RR/MM/DD'),'pigmun2',59,1,26,18);
Insert into TB_ORDER (ORDER_NO,ORDER_STATUS,ORDER_DATE,USER_ID,PRODUCT_NO,ORDER_AMOUNT,ORDER_PACKAGE,DELI_NO) values (39,'배송 완료',to_date('22/12/28','RR/MM/DD'),'pigmun2',79,1,26,18);
Insert into TB_ORDER (ORDER_NO,ORDER_STATUS,ORDER_DATE,USER_ID,PRODUCT_NO,ORDER_AMOUNT,ORDER_PACKAGE,DELI_NO) values (40,'배송 완료',to_date('22/12/28','RR/MM/DD'),'koko4885',3,1,27,21);
Insert into TB_ORDER (ORDER_NO,ORDER_STATUS,ORDER_DATE,USER_ID,PRODUCT_NO,ORDER_AMOUNT,ORDER_PACKAGE,DELI_NO) values (41,'배송 완료',to_date('22/12/28','RR/MM/DD'),'koko4885',1,1,27,21);
Insert into TB_ORDER (ORDER_NO,ORDER_STATUS,ORDER_DATE,USER_ID,PRODUCT_NO,ORDER_AMOUNT,ORDER_PACKAGE,DELI_NO) values (42,'배송 완료',to_date('22/12/28','RR/MM/DD'),'koko4885',6,1,27,21);
Insert into TB_ORDER (ORDER_NO,ORDER_STATUS,ORDER_DATE,USER_ID,PRODUCT_NO,ORDER_AMOUNT,ORDER_PACKAGE,DELI_NO) values (43,'배송 완료',to_date('22/12/28','RR/MM/DD'),'pigmun2',3,2,28,18);
Insert into TB_ORDER (ORDER_NO,ORDER_STATUS,ORDER_DATE,USER_ID,PRODUCT_NO,ORDER_AMOUNT,ORDER_PACKAGE,DELI_NO) values (44,'배송 완료',to_date('22/12/28','RR/MM/DD'),'drunkyj87',45,1,29,20);
Insert into TB_ORDER (ORDER_NO,ORDER_STATUS,ORDER_DATE,USER_ID,PRODUCT_NO,ORDER_AMOUNT,ORDER_PACKAGE,DELI_NO) values (45,'배송 완료',to_date('22/12/28','RR/MM/DD'),'drunkyj87',109,1,29,20);
Insert into TB_ORDER (ORDER_NO,ORDER_STATUS,ORDER_DATE,USER_ID,PRODUCT_NO,ORDER_AMOUNT,ORDER_PACKAGE,DELI_NO) values (46,'배송 완료',to_date('22/12/28','RR/MM/DD'),'drunkyj87',71,2,29,20);
Insert into TB_ORDER (ORDER_NO,ORDER_STATUS,ORDER_DATE,USER_ID,PRODUCT_NO,ORDER_AMOUNT,ORDER_PACKAGE,DELI_NO) values (47,'배송 완료',to_date('22/12/28','RR/MM/DD'),'drunkyj87',36,1,29,20);
Insert into TB_ORDER (ORDER_NO,ORDER_STATUS,ORDER_DATE,USER_ID,PRODUCT_NO,ORDER_AMOUNT,ORDER_PACKAGE,DELI_NO) values (48,'배송 완료',to_date('22/12/28','RR/MM/DD'),'koko4885',5,1,30,21);
Insert into TB_ORDER (ORDER_NO,ORDER_STATUS,ORDER_DATE,USER_ID,PRODUCT_NO,ORDER_AMOUNT,ORDER_PACKAGE,DELI_NO) values (49,'배송 완료',to_date('22/12/28','RR/MM/DD'),'koko4885',74,1,31,21);
Insert into TB_ORDER (ORDER_NO,ORDER_STATUS,ORDER_DATE,USER_ID,PRODUCT_NO,ORDER_AMOUNT,ORDER_PACKAGE,DELI_NO) values (50,'배송 완료',to_date('22/12/28','RR/MM/DD'),'kky1114',36,1,32,22);
Insert into TB_ORDER (ORDER_NO,ORDER_STATUS,ORDER_DATE,USER_ID,PRODUCT_NO,ORDER_AMOUNT,ORDER_PACKAGE,DELI_NO) values (51,'배송 완료',to_date('22/12/28','RR/MM/DD'),'koko4885',102,1,33,21);
Insert into TB_ORDER (ORDER_NO,ORDER_STATUS,ORDER_DATE,USER_ID,PRODUCT_NO,ORDER_AMOUNT,ORDER_PACKAGE,DELI_NO) values (52,'배송 완료',to_date('22/12/28','RR/MM/DD'),'koko4885',103,1,33,21);
Insert into TB_ORDER (ORDER_NO,ORDER_STATUS,ORDER_DATE,USER_ID,PRODUCT_NO,ORDER_AMOUNT,ORDER_PACKAGE,DELI_NO) values (53,'배송 완료',to_date('22/12/28','RR/MM/DD'),'koko4885',100,1,33,21);
Insert into TB_ORDER (ORDER_NO,ORDER_STATUS,ORDER_DATE,USER_ID,PRODUCT_NO,ORDER_AMOUNT,ORDER_PACKAGE,DELI_NO) values (54,'배송 완료',to_date('22/12/28','RR/MM/DD'),'kky1114',29,1,34,22);
Insert into TB_ORDER (ORDER_NO,ORDER_STATUS,ORDER_DATE,USER_ID,PRODUCT_NO,ORDER_AMOUNT,ORDER_PACKAGE,DELI_NO) values (55,'주문 완료',to_date('22/12/28','RR/MM/DD'),'pigmun2',90,1,35,18);
Insert into TB_ORDER (ORDER_NO,ORDER_STATUS,ORDER_DATE,USER_ID,PRODUCT_NO,ORDER_AMOUNT,ORDER_PACKAGE,DELI_NO) values (56,'배송 완료',to_date('22/12/28','RR/MM/DD'),'kky1114',27,1,36,22);
Insert into TB_ORDER (ORDER_NO,ORDER_STATUS,ORDER_DATE,USER_ID,PRODUCT_NO,ORDER_AMOUNT,ORDER_PACKAGE,DELI_NO) values (57,'배송 완료',to_date('22/12/28','RR/MM/DD'),'drunkyj87',6,2,37,20);
Insert into TB_ORDER (ORDER_NO,ORDER_STATUS,ORDER_DATE,USER_ID,PRODUCT_NO,ORDER_AMOUNT,ORDER_PACKAGE,DELI_NO) values (58,'배송 완료',to_date('22/12/28','RR/MM/DD'),'drunkyj87',81,1,37,20);
Insert into TB_ORDER (ORDER_NO,ORDER_STATUS,ORDER_DATE,USER_ID,PRODUCT_NO,ORDER_AMOUNT,ORDER_PACKAGE,DELI_NO) values (59,'배송 완료',to_date('22/12/28','RR/MM/DD'),'drunkyj87',114,2,37,20);
Insert into TB_ORDER (ORDER_NO,ORDER_STATUS,ORDER_DATE,USER_ID,PRODUCT_NO,ORDER_AMOUNT,ORDER_PACKAGE,DELI_NO) values (60,'배송 완료',to_date('22/12/28','RR/MM/DD'),'drunkyj87',11,1,37,20);
Insert into TB_ORDER (ORDER_NO,ORDER_STATUS,ORDER_DATE,USER_ID,PRODUCT_NO,ORDER_AMOUNT,ORDER_PACKAGE,DELI_NO) values (61,'배송 완료',to_date('22/12/28','RR/MM/DD'),'drunkyj87',1,3,37,20);
Insert into TB_ORDER (ORDER_NO,ORDER_STATUS,ORDER_DATE,USER_ID,PRODUCT_NO,ORDER_AMOUNT,ORDER_PACKAGE,DELI_NO) values (62,'배송 완료',to_date('22/12/28','RR/MM/DD'),'kky1114',26,1,38,22);
Insert into TB_ORDER (ORDER_NO,ORDER_STATUS,ORDER_DATE,USER_ID,PRODUCT_NO,ORDER_AMOUNT,ORDER_PACKAGE,DELI_NO) values (63,'배송 완료',to_date('22/12/28','RR/MM/DD'),'koko4885',115,1,39,21);
Insert into TB_ORDER (ORDER_NO,ORDER_STATUS,ORDER_DATE,USER_ID,PRODUCT_NO,ORDER_AMOUNT,ORDER_PACKAGE,DELI_NO) values (64,'배송 완료',to_date('22/12/28','RR/MM/DD'),'kky1114',1,1,40,22);
Insert into TB_ORDER (ORDER_NO,ORDER_STATUS,ORDER_DATE,USER_ID,PRODUCT_NO,ORDER_AMOUNT,ORDER_PACKAGE,DELI_NO) values (65,'배송 완료',to_date('22/12/28','RR/MM/DD'),'pigmun2',1,1,41,18);
Insert into TB_ORDER (ORDER_NO,ORDER_STATUS,ORDER_DATE,USER_ID,PRODUCT_NO,ORDER_AMOUNT,ORDER_PACKAGE,DELI_NO) values (66,'배송 완료',to_date('22/12/28','RR/MM/DD'),'test',1,2,42,3);
Insert into TB_ORDER (ORDER_NO,ORDER_STATUS,ORDER_DATE,USER_ID,PRODUCT_NO,ORDER_AMOUNT,ORDER_PACKAGE,DELI_NO) values (70,'배송 완료',to_date('22/12/28','RR/MM/DD'),'dudgns08',41,1,44,19);
Insert into TB_ORDER (ORDER_NO,ORDER_STATUS,ORDER_DATE,USER_ID,PRODUCT_NO,ORDER_AMOUNT,ORDER_PACKAGE,DELI_NO) values (71,'배송 완료',to_date('22/12/28','RR/MM/DD'),'dudgns08',1,6,44,19);
Insert into TB_ORDER (ORDER_NO,ORDER_STATUS,ORDER_DATE,USER_ID,PRODUCT_NO,ORDER_AMOUNT,ORDER_PACKAGE,DELI_NO) values (72,'배송 완료',to_date('22/12/28','RR/MM/DD'),'testyj01',1,11,45,23);
Insert into TB_ORDER (ORDER_NO,ORDER_STATUS,ORDER_DATE,USER_ID,PRODUCT_NO,ORDER_AMOUNT,ORDER_PACKAGE,DELI_NO) values (73,'배송 완료',to_date('22/12/28','RR/MM/DD'),'dudgns08',50,1,46,19);
Insert into TB_ORDER (ORDER_NO,ORDER_STATUS,ORDER_DATE,USER_ID,PRODUCT_NO,ORDER_AMOUNT,ORDER_PACKAGE,DELI_NO) values (74,'배송 완료',to_date('22/12/28','RR/MM/DD'),'dudgns08',111,1,46,19);
Insert into TB_ORDER (ORDER_NO,ORDER_STATUS,ORDER_DATE,USER_ID,PRODUCT_NO,ORDER_AMOUNT,ORDER_PACKAGE,DELI_NO) values (75,'배송 완료',to_date('22/12/28','RR/MM/DD'),'dudgns08',75,1,46,19);
Insert into TB_ORDER (ORDER_NO,ORDER_STATUS,ORDER_DATE,USER_ID,PRODUCT_NO,ORDER_AMOUNT,ORDER_PACKAGE,DELI_NO) values (76,'배송 완료',to_date('22/12/28','RR/MM/DD'),'dudgns08',30,1,46,19);
Insert into TB_ORDER (ORDER_NO,ORDER_STATUS,ORDER_DATE,USER_ID,PRODUCT_NO,ORDER_AMOUNT,ORDER_PACKAGE,DELI_NO) values (77,'배송 완료',to_date('22/12/28','RR/MM/DD'),'dudgns08',79,1,46,19);
Insert into TB_ORDER (ORDER_NO,ORDER_STATUS,ORDER_DATE,USER_ID,PRODUCT_NO,ORDER_AMOUNT,ORDER_PACKAGE,DELI_NO) values (67,'배송 완료',to_date('22/12/28','RR/MM/DD'),'kky1114',3,1,43,22);
Insert into TB_ORDER (ORDER_NO,ORDER_STATUS,ORDER_DATE,USER_ID,PRODUCT_NO,ORDER_AMOUNT,ORDER_PACKAGE,DELI_NO) values (68,'배송 완료',to_date('22/12/28','RR/MM/DD'),'dudgns08',110,1,44,19);
Insert into TB_ORDER (ORDER_NO,ORDER_STATUS,ORDER_DATE,USER_ID,PRODUCT_NO,ORDER_AMOUNT,ORDER_PACKAGE,DELI_NO) values (69,'배송 완료',to_date('22/12/28','RR/MM/DD'),'dudgns08',109,1,44,19);
Insert into TB_ORDER (ORDER_NO,ORDER_STATUS,ORDER_DATE,USER_ID,PRODUCT_NO,ORDER_AMOUNT,ORDER_PACKAGE,DELI_NO) values (78,'배송 완료',to_date('22/12/28','RR/MM/DD'),'kky1114',23,1,47,22);
Insert into TB_ORDER (ORDER_NO,ORDER_STATUS,ORDER_DATE,USER_ID,PRODUCT_NO,ORDER_AMOUNT,ORDER_PACKAGE,DELI_NO) values (79,'배송 완료',to_date('22/12/28','RR/MM/DD'),'kky1114',51,1,47,22);
Insert into TB_ORDER (ORDER_NO,ORDER_STATUS,ORDER_DATE,USER_ID,PRODUCT_NO,ORDER_AMOUNT,ORDER_PACKAGE,DELI_NO) values (80,'배송 완료',to_date('22/12/28','RR/MM/DD'),'kky1114',108,1,47,22);
Insert into TB_ORDER (ORDER_NO,ORDER_STATUS,ORDER_DATE,USER_ID,PRODUCT_NO,ORDER_AMOUNT,ORDER_PACKAGE,DELI_NO) values (81,'배송 완료',to_date('22/12/28','RR/MM/DD'),'kky1114',112,1,47,22);
Insert into TB_ORDER (ORDER_NO,ORDER_STATUS,ORDER_DATE,USER_ID,PRODUCT_NO,ORDER_AMOUNT,ORDER_PACKAGE,DELI_NO) values (82,'배송 완료',to_date('22/12/28','RR/MM/DD'),'koko4885',36,1,48,21);
Insert into TB_ORDER (ORDER_NO,ORDER_STATUS,ORDER_DATE,USER_ID,PRODUCT_NO,ORDER_AMOUNT,ORDER_PACKAGE,DELI_NO) values (83,'배송 완료',to_date('22/12/28','RR/MM/DD'),'koko4885',78,1,49,21);
Insert into TB_ORDER (ORDER_NO,ORDER_STATUS,ORDER_DATE,USER_ID,PRODUCT_NO,ORDER_AMOUNT,ORDER_PACKAGE,DELI_NO) values (84,'배송중',to_date('22/12/28','RR/MM/DD'),'koko4885',1,1,50,21);
Insert into TB_ORDER (ORDER_NO,ORDER_STATUS,ORDER_DATE,USER_ID,PRODUCT_NO,ORDER_AMOUNT,ORDER_PACKAGE,DELI_NO) values (85,'배송중',to_date('22/12/28','RR/MM/DD'),'test1234',109,1,51,27);
Insert into TB_ORDER (ORDER_NO,ORDER_STATUS,ORDER_DATE,USER_ID,PRODUCT_NO,ORDER_AMOUNT,ORDER_PACKAGE,DELI_NO) values (86,'주문 완료',to_date('22/12/28','RR/MM/DD'),'test1234',5,2,51,27);
Insert into TB_ORDER (ORDER_NO,ORDER_STATUS,ORDER_DATE,USER_ID,PRODUCT_NO,ORDER_AMOUNT,ORDER_PACKAGE,DELI_NO) values (87,'주문 완료',to_date('22/12/28','RR/MM/DD'),'dudgns08',6,4,52,19);
Insert into TB_ORDER (ORDER_NO,ORDER_STATUS,ORDER_DATE,USER_ID,PRODUCT_NO,ORDER_AMOUNT,ORDER_PACKAGE,DELI_NO) values (88,'취소',to_date('22/12/29','RR/MM/DD'),'test',6,1,53,3);
Insert into TB_ORDER (ORDER_NO,ORDER_STATUS,ORDER_DATE,USER_ID,PRODUCT_NO,ORDER_AMOUNT,ORDER_PACKAGE,DELI_NO) values (89,'주문 완료',to_date('22/12/29','RR/MM/DD'),'test',5,2,54,3);
Insert into TB_ORDER (ORDER_NO,ORDER_STATUS,ORDER_DATE,USER_ID,PRODUCT_NO,ORDER_AMOUNT,ORDER_PACKAGE,DELI_NO) values (90,'배송 완료',to_date('22/12/29','RR/MM/DD'),'test',1,1,54,3);
REM INSERTING into TB_USER
SET DEFINE OFF;
Insert into TB_USER (USER_ID,USER_PWD,USER_EMAIL,USER_NAME,USER_JUMIN1,USER_ADDR1,USER_PHONE1,USER_POINT,USER_DATE,USER_LEAVE,USER_JUMIN2,USER_PHONE2,USER_PHONE3,USER_ADDR2,USER_ZIPCODE1,USER_NO) values ('test','1234','test123@naver.com','테스트',991225,'서울시 중구','010',3108,to_date('22/12/02','RR/MM/DD'),1,0,'2222','7894',null,null,1);
Insert into TB_USER (USER_ID,USER_PWD,USER_EMAIL,USER_NAME,USER_JUMIN1,USER_ADDR1,USER_PHONE1,USER_POINT,USER_DATE,USER_LEAVE,USER_JUMIN2,USER_PHONE2,USER_PHONE3,USER_ADDR2,USER_ZIPCODE1,USER_NO) values ('testyj01','b1469a90c1','zxc6316@naver.com','테스트할랭',950224,null,'010',1430,to_date('22/12/12','RR/MM/DD'),1,2018722,'8718','2778',null,null,2);
Insert into TB_USER (USER_ID,USER_PWD,USER_EMAIL,USER_NAME,USER_JUMIN1,USER_ADDR1,USER_PHONE1,USER_POINT,USER_DATE,USER_LEAVE,USER_JUMIN2,USER_PHONE2,USER_PHONE3,USER_ADDR2,USER_ZIPCODE1,USER_NO) values ('testyj22','2ad5410062','bbkyj02@gmail.com','건들지말아줘',950224,null,'010',0,to_date('22/12/13','RR/MM/DD'),1,2031654,'8718','2778',null,null,3);
Insert into TB_USER (USER_ID,USER_PWD,USER_EMAIL,USER_NAME,USER_JUMIN1,USER_ADDR1,USER_PHONE1,USER_POINT,USER_DATE,USER_LEAVE,USER_JUMIN2,USER_PHONE2,USER_PHONE3,USER_ADDR2,USER_ZIPCODE1,USER_NO) values ('emailtest1','c6e6eb2bd6','bbyj02@hanmail.net','이메일테스트',950224,null,'010',0,to_date('22/12/15','RR/MM/DD'),1,2018722,'8718','2778',null,null,4);
Insert into TB_USER (USER_ID,USER_PWD,USER_EMAIL,USER_NAME,USER_JUMIN1,USER_ADDR1,USER_PHONE1,USER_POINT,USER_DATE,USER_LEAVE,USER_JUMIN2,USER_PHONE2,USER_PHONE3,USER_ADDR2,USER_ZIPCODE1,USER_NO) values ('test1251','1234qwer@','test122@naver.com','테스트6',991224,null,'010',550,to_date('22/12/19','RR/MM/DD'),0,2345678,'4444','3333',null,null,8);
Insert into TB_USER (USER_ID,USER_PWD,USER_EMAIL,USER_NAME,USER_JUMIN1,USER_ADDR1,USER_PHONE1,USER_POINT,USER_DATE,USER_LEAVE,USER_JUMIN2,USER_PHONE2,USER_PHONE3,USER_ADDR2,USER_ZIPCODE1,USER_NO) values ('test123','1234qwer@','test1234@naver.com','테스트1',991224,null,'010',0,to_date('22/12/19','RR/MM/DD'),1,2345678,'4444','3333',null,null,5);
Insert into TB_USER (USER_ID,USER_PWD,USER_EMAIL,USER_NAME,USER_JUMIN1,USER_ADDR1,USER_PHONE1,USER_POINT,USER_DATE,USER_LEAVE,USER_JUMIN2,USER_PHONE2,USER_PHONE3,USER_ADDR2,USER_ZIPCODE1,USER_NO) values ('testff1','zxc6316!!','glaemfek1@naver.com','테스뜨',950224,null,'010',0,to_date('22/12/19','RR/MM/DD'),0,2136547,'8718','2778',null,null,9);
Insert into TB_USER (USER_ID,USER_PWD,USER_EMAIL,USER_NAME,USER_JUMIN1,USER_ADDR1,USER_PHONE1,USER_POINT,USER_DATE,USER_LEAVE,USER_JUMIN2,USER_PHONE2,USER_PHONE3,USER_ADDR2,USER_ZIPCODE1,USER_NO) values ('test124','1234qwer@','test1235@naver.com','테스트2',991224,null,'010',0,to_date('22/12/19','RR/MM/DD'),0,2345678,'4444','3333',null,null,6);
Insert into TB_USER (USER_ID,USER_PWD,USER_EMAIL,USER_NAME,USER_JUMIN1,USER_ADDR1,USER_PHONE1,USER_POINT,USER_DATE,USER_LEAVE,USER_JUMIN2,USER_PHONE2,USER_PHONE3,USER_ADDR2,USER_ZIPCODE1,USER_NO) values ('testss12','zxc123!!','dd1@naver.com','테스트여요',950224,null,'010',0,to_date('22/12/19','RR/MM/DD'),1,2018722,'8718','2778',null,null,10);
Insert into TB_USER (USER_ID,USER_PWD,USER_EMAIL,USER_NAME,USER_JUMIN1,USER_ADDR1,USER_PHONE1,USER_POINT,USER_DATE,USER_LEAVE,USER_JUMIN2,USER_PHONE2,USER_PHONE3,USER_ADDR2,USER_ZIPCODE1,USER_NO) values ('test1259','1234qwer@','test1230@naver.com','테스트5',991224,null,'010',0,to_date('22/12/19','RR/MM/DD'),0,2345678,'4444','3333',null,null,7);
Insert into TB_USER (USER_ID,USER_PWD,USER_EMAIL,USER_NAME,USER_JUMIN1,USER_ADDR1,USER_PHONE1,USER_POINT,USER_DATE,USER_LEAVE,USER_JUMIN2,USER_PHONE2,USER_PHONE3,USER_ADDR2,USER_ZIPCODE1,USER_NO) values ('jointest1','zxc123!!','ddd1@naver.com','테스트트',950224,null,'011',0,to_date('22/12/19','RR/MM/DD'),1,1234567,'8718','2778',null,null,11);
Insert into TB_USER (USER_ID,USER_PWD,USER_EMAIL,USER_NAME,USER_JUMIN1,USER_ADDR1,USER_PHONE1,USER_POINT,USER_DATE,USER_LEAVE,USER_JUMIN2,USER_PHONE2,USER_PHONE3,USER_ADDR2,USER_ZIPCODE1,USER_NO) values ('swalte1','zxc6316!!','dd12@naver.com','알림창테스트',950224,null,'010',700,to_date('22/12/19','RR/MM/DD'),1,2018722,'8718','2778',null,null,12);
Insert into TB_USER (USER_ID,USER_PWD,USER_EMAIL,USER_NAME,USER_JUMIN1,USER_ADDR1,USER_PHONE1,USER_POINT,USER_DATE,USER_LEAVE,USER_JUMIN2,USER_PHONE2,USER_PHONE3,USER_ADDR2,USER_ZIPCODE1,USER_NO) values ('swalte2','zxc123!!','ss1@naver.com','두번째테스트',950224,'서울 노원구 동일로207길 17 (중계동, 중계그린아파트)','010',600,to_date('22/12/19','RR/MM/DD'),1,1234567,'1234','12345','에 살까요?','01778',13);
Insert into TB_USER (USER_ID,USER_PWD,USER_EMAIL,USER_NAME,USER_JUMIN1,USER_ADDR1,USER_PHONE1,USER_POINT,USER_DATE,USER_LEAVE,USER_JUMIN2,USER_PHONE2,USER_PHONE3,USER_ADDR2,USER_ZIPCODE1,USER_NO) values ('swal12','zxc123!!','sdssd1@naver.com','테스트세번',950224,null,'010',130,to_date('22/12/19','RR/MM/DD'),1,1326547,'1234','56478',null,null,14);
Insert into TB_USER (USER_ID,USER_PWD,USER_EMAIL,USER_NAME,USER_JUMIN1,USER_ADDR1,USER_PHONE1,USER_POINT,USER_DATE,USER_LEAVE,USER_JUMIN2,USER_PHONE2,USER_PHONE3,USER_ADDR2,USER_ZIPCODE1,USER_NO) values ('admin1','1234','admin1@naver.com',' 관리자',1212,null,'010',200,to_date('22/12/20','RR/MM/DD'),1,4232222,'0000','0000',null,null,15);
Insert into TB_USER (USER_ID,USER_PWD,USER_EMAIL,USER_NAME,USER_JUMIN1,USER_ADDR1,USER_PHONE1,USER_POINT,USER_DATE,USER_LEAVE,USER_JUMIN2,USER_PHONE2,USER_PHONE3,USER_ADDR2,USER_ZIPCODE1,USER_NO) values ('1222yj','zxc123!!','zxc1@naver.com','오예지',950224,'서울 종로구 종로3길 17 (청진동)','010',0,to_date('22/12/22','RR/MM/DD'),1,1234567,'1234','5678','1층 101호','03155',16);
Insert into TB_USER (USER_ID,USER_PWD,USER_EMAIL,USER_NAME,USER_JUMIN1,USER_ADDR1,USER_PHONE1,USER_POINT,USER_DATE,USER_LEAVE,USER_JUMIN2,USER_PHONE2,USER_PHONE3,USER_ADDR2,USER_ZIPCODE1,USER_NO) values ('jointest12','zxc123!!','jointest1@naver.com','회원가입테스',950224,null,'010',0,to_date('22/12/22','RR/MM/DD'),1,1234567,'1234','12345',null,null,17);
Insert into TB_USER (USER_ID,USER_PWD,USER_EMAIL,USER_NAME,USER_JUMIN1,USER_ADDR1,USER_PHONE1,USER_POINT,USER_DATE,USER_LEAVE,USER_JUMIN2,USER_PHONE2,USER_PHONE3,USER_ADDR2,USER_ZIPCODE1,USER_NO) values ('jointest3','zxc123!!','kkk1@naver.com','회원가입완료',950224,'서울 강남구 영동대로131길 26 (청담동)','011',0,to_date('22/12/22','RR/MM/DD'),1,1234567,'8718','2222222222',null,'06073',18);
Insert into TB_USER (USER_ID,USER_PWD,USER_EMAIL,USER_NAME,USER_JUMIN1,USER_ADDR1,USER_PHONE1,USER_POINT,USER_DATE,USER_LEAVE,USER_JUMIN2,USER_PHONE2,USER_PHONE3,USER_ADDR2,USER_ZIPCODE1,USER_NO) values ('flower12','zxc123!!','flowertest1@naver.com','꽃가루',950224,'서울 노원구 화랑로 349 (월계동)','010',0,to_date('22/12/22','RR/MM/DD'),1,1234567,'8282','4885','1층','01914',19);
Insert into TB_USER (USER_ID,USER_PWD,USER_EMAIL,USER_NAME,USER_JUMIN1,USER_ADDR1,USER_PHONE1,USER_POINT,USER_DATE,USER_LEAVE,USER_JUMIN2,USER_PHONE2,USER_PHONE3,USER_ADDR2,USER_ZIPCODE1,USER_NO) values ('lee123','123456789q!','lee123@naver.com','감자맛와플',951107,null,'010',0,to_date('22/12/23','RR/MM/DD'),1,2023269,'4016','3015',null,null,20);
Insert into TB_USER (USER_ID,USER_PWD,USER_EMAIL,USER_NAME,USER_JUMIN1,USER_ADDR1,USER_PHONE1,USER_POINT,USER_DATE,USER_LEAVE,USER_JUMIN2,USER_PHONE2,USER_PHONE3,USER_ADDR2,USER_ZIPCODE1,USER_NO) values ('test12s','zxc123!!','testd1@naver.com','회원가입테스트',950224,null,'010',0,to_date('22/12/26','RR/MM/DD'),1,2018722,'8718','1234',null,null,21);
Insert into TB_USER (USER_ID,USER_PWD,USER_EMAIL,USER_NAME,USER_JUMIN1,USER_ADDR1,USER_PHONE1,USER_POINT,USER_DATE,USER_LEAVE,USER_JUMIN2,USER_PHONE2,USER_PHONE3,USER_ADDR2,USER_ZIPCODE1,USER_NO) values ('retest12','zxc123!!','zxc121@naver.com','테스투',950224,null,'010',0,to_date('22/12/26','RR/MM/DD'),1,1234567,'1234','456788',null,null,22);
Insert into TB_USER (USER_ID,USER_PWD,USER_EMAIL,USER_NAME,USER_JUMIN1,USER_ADDR1,USER_PHONE1,USER_POINT,USER_DATE,USER_LEAVE,USER_JUMIN2,USER_PHONE2,USER_PHONE3,USER_ADDR2,USER_ZIPCODE1,USER_NO) values ('rerete12','zxc123!!','hoho1@naver.com','여보세요',950224,'서울 광진구 동일로 10 (자양동)','010',0,to_date('22/12/26','RR/MM/DD'),1,1234567,'87182','12344','1층','05088',23);
Insert into TB_USER (USER_ID,USER_PWD,USER_EMAIL,USER_NAME,USER_JUMIN1,USER_ADDR1,USER_PHONE1,USER_POINT,USER_DATE,USER_LEAVE,USER_JUMIN2,USER_PHONE2,USER_PHONE3,USER_ADDR2,USER_ZIPCODE1,USER_NO) values ('kky1114','kky1114!!','cjlklhs0524@naver.com','김경령',991114,null,'010',1143,to_date('22/12/27','RR/MM/DD'),1,2052519,'5654','0265',null,null,24);
Insert into TB_USER (USER_ID,USER_PWD,USER_EMAIL,USER_NAME,USER_JUMIN1,USER_ADDR1,USER_PHONE1,USER_POINT,USER_DATE,USER_LEAVE,USER_JUMIN2,USER_PHONE2,USER_PHONE3,USER_ADDR2,USER_ZIPCODE1,USER_NO) values ('pigmun2','f8de7d1c82','pigmun2@naver.com','이현지',951107,null,'010',1990,to_date('22/12/27','RR/MM/DD'),1,2020202,'4016','3015',null,null,25);
Insert into TB_USER (USER_ID,USER_PWD,USER_EMAIL,USER_NAME,USER_JUMIN1,USER_ADDR1,USER_PHONE1,USER_POINT,USER_DATE,USER_LEAVE,USER_JUMIN2,USER_PHONE2,USER_PHONE3,USER_ADDR2,USER_ZIPCODE1,USER_NO) values ('dudgns08','@Wjddudgns3161','qjqtkwns9414@gmail.com','정영훈',960112,'서울 도봉구 도봉동 557-18 ','010',7280,to_date('22/12/28','RR/MM/DD'),1,1477916,'5521','3161','삼원맨션 가동 302호','01302',26);
Insert into TB_USER (USER_ID,USER_PWD,USER_EMAIL,USER_NAME,USER_JUMIN1,USER_ADDR1,USER_PHONE1,USER_POINT,USER_DATE,USER_LEAVE,USER_JUMIN2,USER_PHONE2,USER_PHONE3,USER_ADDR2,USER_ZIPCODE1,USER_NO) values ('drunkyj87','zxc123!!','drunkyj87@naver.com','김예지',31231,'서울 노원구 동일로207길 186 (하계동, 학여울청구아파트)','010',2620,to_date('22/12/28','RR/MM/DD'),1,3216547,'1234','5678','14층','01775',27);
Insert into TB_USER (USER_ID,USER_PWD,USER_EMAIL,USER_NAME,USER_JUMIN1,USER_ADDR1,USER_PHONE1,USER_POINT,USER_DATE,USER_LEAVE,USER_JUMIN2,USER_PHONE2,USER_PHONE3,USER_ADDR2,USER_ZIPCODE1,USER_NO) values ('koko4885','kokoko4885@','kgkt206@gmail.com','김코코',991224,'서울 중구 다산로 32 (신당동, 남산타운)','010',1647,to_date('22/12/28','RR/MM/DD'),1,2431593,'4937','2833','113-501','04595',28);
Insert into TB_USER (USER_ID,USER_PWD,USER_EMAIL,USER_NAME,USER_JUMIN1,USER_ADDR1,USER_PHONE1,USER_POINT,USER_DATE,USER_LEAVE,USER_JUMIN2,USER_PHONE2,USER_PHONE3,USER_ADDR2,USER_ZIPCODE1,USER_NO) values ('drunkyj88','zxc123!!','drunkyj88@naver.com','테스트',950224,'경기 부천시 길주로 300 (중동)','010',0,to_date('22/12/28','RR/MM/DD'),1,1234567,'1234','5678','1층','14548',29);
Insert into TB_USER (USER_ID,USER_PWD,USER_EMAIL,USER_NAME,USER_JUMIN1,USER_ADDR1,USER_PHONE1,USER_POINT,USER_DATE,USER_LEAVE,USER_JUMIN2,USER_PHONE2,USER_PHONE3,USER_ADDR2,USER_ZIPCODE1,USER_NO) values ('drunkyj89','zxc123!!','drunkyj89@naver.com','테스트',950224,'서울 종로구 종로 1 (종로1가)','010',0,to_date('22/12/28','RR/MM/DD'),1,1234567,'8718','1234','1층','03154',30);
Insert into TB_USER (USER_ID,USER_PWD,USER_EMAIL,USER_NAME,USER_JUMIN1,USER_ADDR1,USER_PHONE1,USER_POINT,USER_DATE,USER_LEAVE,USER_JUMIN2,USER_PHONE2,USER_PHONE3,USER_ADDR2,USER_ZIPCODE1,USER_NO) values ('test1234','123456789q!','pigmun@gmail.com','제갈경령',991114,'서울 용산구 한강대로76길 21-15 (남영동)','010',650,to_date('22/12/28','RR/MM/DD'),1,1231321,'1234','5678','경령이네 ^^','04352',31);
Insert into TB_USER (USER_ID,USER_PWD,USER_EMAIL,USER_NAME,USER_JUMIN1,USER_ADDR1,USER_PHONE1,USER_POINT,USER_DATE,USER_LEAVE,USER_JUMIN2,USER_PHONE2,USER_PHONE3,USER_ADDR2,USER_ZIPCODE1,USER_NO) values ('impig12','@Wjddudgns3161','wjddudgns9414@naver.com','돼지',960112,'서울 도봉구 도봉산3길 17-15 (도봉동)','010',0,to_date('22/12/28','RR/MM/DD'),1,1477916,'5521','3161','돼지','01302',32);
Insert into TB_USER (USER_ID,USER_PWD,USER_EMAIL,USER_NAME,USER_JUMIN1,USER_ADDR1,USER_PHONE1,USER_POINT,USER_DATE,USER_LEAVE,USER_JUMIN2,USER_PHONE2,USER_PHONE3,USER_ADDR2,USER_ZIPCODE1,USER_NO) values ('test1','7a202e4726','kgkt205@gmail.com','테스트1',951107,'서울 노원구 노원로 58 (공릉동, 우방아파트)','010',0,to_date('22/12/29','RR/MM/DD'),1,2030607,'1234','1234','401동 ','01799',33);
--------------------------------------------------------
--  DDL for Index CART_PK
--------------------------------------------------------

  CREATE UNIQUE INDEX "CART_PK" ON "CART" ("CART_NO") 
  PCTFREE 10 INITRANS 2 MAXTRANS 255 COMPUTE STATISTICS 
  STORAGE(INITIAL 65536 NEXT 1048576 MINEXTENTS 1 MAXEXTENTS 2147483645
  PCTINCREASE 0 FREELISTS 1 FREELIST GROUPS 1 BUFFER_POOL DEFAULT FLASH_CACHE DEFAULT CELL_FLASH_CACHE DEFAULT)
  TABLESPACE "SYSTEM" ;
--------------------------------------------------------
--  DDL for Index SYS_C009580
--------------------------------------------------------

  CREATE UNIQUE INDEX "SYS_C009580" ON "EVENT" ("EVENT_NO") 
  PCTFREE 10 INITRANS 2 MAXTRANS 255 COMPUTE STATISTICS 
  STORAGE(INITIAL 65536 NEXT 1048576 MINEXTENTS 1 MAXEXTENTS 2147483645
  PCTINCREASE 0 FREELISTS 1 FREELIST GROUPS 1 BUFFER_POOL DEFAULT FLASH_CACHE DEFAULT CELL_FLASH_CACHE DEFAULT)
  TABLESPACE "SYSTEM" ;
--------------------------------------------------------
--  DDL for Index SYS_C009530
--------------------------------------------------------

  CREATE UNIQUE INDEX "SYS_C009530" ON "PRODUCT" ("PRODUCT_NO") 
  PCTFREE 10 INITRANS 2 MAXTRANS 255 COMPUTE STATISTICS 
  STORAGE(INITIAL 65536 NEXT 1048576 MINEXTENTS 1 MAXEXTENTS 2147483645
  PCTINCREASE 0 FREELISTS 1 FREELIST GROUPS 1 BUFFER_POOL DEFAULT FLASH_CACHE DEFAULT CELL_FLASH_CACHE DEFAULT)
  TABLESPACE "SYSTEM" ;
--------------------------------------------------------
--  DDL for Index SYS_C009515
--------------------------------------------------------

  CREATE UNIQUE INDEX "SYS_C009515" ON "PRODUCT_CATEGORY" ("PRODUCT_CATEGORY") 
  PCTFREE 10 INITRANS 2 MAXTRANS 255 COMPUTE STATISTICS 
  STORAGE(INITIAL 65536 NEXT 1048576 MINEXTENTS 1 MAXEXTENTS 2147483645
  PCTINCREASE 0 FREELISTS 1 FREELIST GROUPS 1 BUFFER_POOL DEFAULT FLASH_CACHE DEFAULT CELL_FLASH_CACHE DEFAULT)
  TABLESPACE "SYSTEM" ;
--------------------------------------------------------
--  DDL for Index SYS_C009532
--------------------------------------------------------

  CREATE UNIQUE INDEX "SYS_C009532" ON "PRODUCT_CONTENT" ("PRODUCT_NO") 
  PCTFREE 10 INITRANS 2 MAXTRANS 255 COMPUTE STATISTICS 
  STORAGE(INITIAL 65536 NEXT 1048576 MINEXTENTS 1 MAXEXTENTS 2147483645
  PCTINCREASE 0 FREELISTS 1 FREELIST GROUPS 1 BUFFER_POOL DEFAULT FLASH_CACHE DEFAULT CELL_FLASH_CACHE DEFAULT)
  TABLESPACE "SYSTEM" ;
--------------------------------------------------------
--  DDL for Index SYS_C009921
--------------------------------------------------------

  CREATE UNIQUE INDEX "SYS_C009921" ON "TB_ORDER" ("ORDER_NO") 
  PCTFREE 10 INITRANS 2 MAXTRANS 255 COMPUTE STATISTICS 
  STORAGE(INITIAL 65536 NEXT 1048576 MINEXTENTS 1 MAXEXTENTS 2147483645
  PCTINCREASE 0 FREELISTS 1 FREELIST GROUPS 1 BUFFER_POOL DEFAULT FLASH_CACHE DEFAULT CELL_FLASH_CACHE DEFAULT)
  TABLESPACE "SYSTEM" ;
--------------------------------------------------------
--  DDL for Index SYS_C009292
--------------------------------------------------------

  CREATE UNIQUE INDEX "SYS_C009292" ON "TB_USER" ("USER_ID") 
  PCTFREE 10 INITRANS 2 MAXTRANS 255 COMPUTE STATISTICS 
  STORAGE(INITIAL 65536 NEXT 1048576 MINEXTENTS 1 MAXEXTENTS 2147483645
  PCTINCREASE 0 FREELISTS 1 FREELIST GROUPS 1 BUFFER_POOL DEFAULT FLASH_CACHE DEFAULT CELL_FLASH_CACHE DEFAULT)
  TABLESPACE "SYSTEM" ;
--------------------------------------------------------
--  DDL for Index SYS_C009293
--------------------------------------------------------

  CREATE UNIQUE INDEX "SYS_C009293" ON "TB_USER" ("USER_EMAIL") 
  PCTFREE 10 INITRANS 2 MAXTRANS 255 COMPUTE STATISTICS 
  STORAGE(INITIAL 65536 NEXT 1048576 MINEXTENTS 1 MAXEXTENTS 2147483645
  PCTINCREASE 0 FREELISTS 1 FREELIST GROUPS 1 BUFFER_POOL DEFAULT FLASH_CACHE DEFAULT CELL_FLASH_CACHE DEFAULT)
  TABLESPACE "SYSTEM" ;
--------------------------------------------------------
--  Constraints for Table CART
--------------------------------------------------------

  ALTER TABLE "CART" MODIFY ("CART_DATE" NOT NULL ENABLE);
  ALTER TABLE "CART" ADD CONSTRAINT "CART_PK" PRIMARY KEY ("CART_NO")
  USING INDEX PCTFREE 10 INITRANS 2 MAXTRANS 255 COMPUTE STATISTICS 
  STORAGE(INITIAL 65536 NEXT 1048576 MINEXTENTS 1 MAXEXTENTS 2147483645
  PCTINCREASE 0 FREELISTS 1 FREELIST GROUPS 1 BUFFER_POOL DEFAULT FLASH_CACHE DEFAULT CELL_FLASH_CACHE DEFAULT)
  TABLESPACE "SYSTEM"  ENABLE;
--------------------------------------------------------
--  Constraints for Table EVENT
--------------------------------------------------------

  ALTER TABLE "EVENT" ADD PRIMARY KEY ("EVENT_NO")
  USING INDEX PCTFREE 10 INITRANS 2 MAXTRANS 255 COMPUTE STATISTICS 
  STORAGE(INITIAL 65536 NEXT 1048576 MINEXTENTS 1 MAXEXTENTS 2147483645
  PCTINCREASE 0 FREELISTS 1 FREELIST GROUPS 1 BUFFER_POOL DEFAULT FLASH_CACHE DEFAULT CELL_FLASH_CACHE DEFAULT)
  TABLESPACE "SYSTEM"  ENABLE;
  ALTER TABLE "EVENT" MODIFY ("EVENT_STATUS" NOT NULL ENABLE);
  ALTER TABLE "EVENT" MODIFY ("EVENT_END" NOT NULL ENABLE);
  ALTER TABLE "EVENT" MODIFY ("EVENT_START" NOT NULL ENABLE);
  ALTER TABLE "EVENT" MODIFY ("EVENT_DATE" NOT NULL ENABLE);
  ALTER TABLE "EVENT" MODIFY ("EVENT_THUMBNAIL" NOT NULL ENABLE);
--------------------------------------------------------
--  Constraints for Table PRODUCT
--------------------------------------------------------

  ALTER TABLE "PRODUCT" MODIFY ("PRODUCT_DATE" NOT NULL ENABLE);
  ALTER TABLE "PRODUCT" MODIFY ("PRODUCT_STATUS" NOT NULL ENABLE);
  ALTER TABLE "PRODUCT" ADD PRIMARY KEY ("PRODUCT_NO")
  USING INDEX PCTFREE 10 INITRANS 2 MAXTRANS 255 COMPUTE STATISTICS 
  STORAGE(INITIAL 65536 NEXT 1048576 MINEXTENTS 1 MAXEXTENTS 2147483645
  PCTINCREASE 0 FREELISTS 1 FREELIST GROUPS 1 BUFFER_POOL DEFAULT FLASH_CACHE DEFAULT CELL_FLASH_CACHE DEFAULT)
  TABLESPACE "SYSTEM"  ENABLE;
  ALTER TABLE "PRODUCT" MODIFY ("PRODUCT_THUMBNAIL" NOT NULL ENABLE);
  ALTER TABLE "PRODUCT" MODIFY ("PRODUCT_POINT" NOT NULL ENABLE);
  ALTER TABLE "PRODUCT" MODIFY ("PRODUCT_STOCK" NOT NULL ENABLE);
  ALTER TABLE "PRODUCT" MODIFY ("PRODUCT_PRICE" NOT NULL ENABLE);
  ALTER TABLE "PRODUCT" MODIFY ("PRODUCT_MATERIAL" NOT NULL ENABLE);
  ALTER TABLE "PRODUCT" MODIFY ("PRODUCT_SODA" NOT NULL ENABLE);
  ALTER TABLE "PRODUCT" MODIFY ("PRODUCT_ACIDITY" NOT NULL ENABLE);
  ALTER TABLE "PRODUCT" MODIFY ("PRODUCT_SWEET" NOT NULL ENABLE);
  ALTER TABLE "PRODUCT" MODIFY ("PRODUCT_DOSU" NOT NULL ENABLE);
  ALTER TABLE "PRODUCT" MODIFY ("PRODUCT_ALCOHOL" NOT NULL ENABLE);
  ALTER TABLE "PRODUCT" MODIFY ("PRODUCT_COMPANY" NOT NULL ENABLE);
  ALTER TABLE "PRODUCT" MODIFY ("PRODUCT_INTRODUCE2" NOT NULL ENABLE);
  ALTER TABLE "PRODUCT" MODIFY ("PRODUCT_INTRODUCE1" NOT NULL ENABLE);
  ALTER TABLE "PRODUCT" MODIFY ("PRODUCT_NAME" NOT NULL ENABLE);
--------------------------------------------------------
--  Constraints for Table PRODUCT_CATEGORY
--------------------------------------------------------

  ALTER TABLE "PRODUCT_CATEGORY" ADD PRIMARY KEY ("PRODUCT_CATEGORY")
  USING INDEX PCTFREE 10 INITRANS 2 MAXTRANS 255 COMPUTE STATISTICS 
  STORAGE(INITIAL 65536 NEXT 1048576 MINEXTENTS 1 MAXEXTENTS 2147483645
  PCTINCREASE 0 FREELISTS 1 FREELIST GROUPS 1 BUFFER_POOL DEFAULT FLASH_CACHE DEFAULT CELL_FLASH_CACHE DEFAULT)
  TABLESPACE "SYSTEM"  ENABLE;
--------------------------------------------------------
--  Constraints for Table PRODUCT_CONTENT
--------------------------------------------------------

  ALTER TABLE "PRODUCT_CONTENT" ADD PRIMARY KEY ("PRODUCT_NO")
  USING INDEX PCTFREE 10 INITRANS 2 MAXTRANS 255 COMPUTE STATISTICS 
  STORAGE(INITIAL 65536 NEXT 1048576 MINEXTENTS 1 MAXEXTENTS 2147483645
  PCTINCREASE 0 FREELISTS 1 FREELIST GROUPS 1 BUFFER_POOL DEFAULT FLASH_CACHE DEFAULT CELL_FLASH_CACHE DEFAULT)
  TABLESPACE "SYSTEM"  ENABLE;
--------------------------------------------------------
--  Constraints for Table SUBSCRIBE_USER
--------------------------------------------------------

  ALTER TABLE "SUBSCRIBE_USER" MODIFY ("USER_STATUS" NOT NULL ENABLE);
  ALTER TABLE "SUBSCRIBE_USER" MODIFY ("SUB_START" NOT NULL ENABLE);
--------------------------------------------------------
--  Constraints for Table TB_ORDER
--------------------------------------------------------

  ALTER TABLE "TB_ORDER" ADD PRIMARY KEY ("ORDER_NO")
  USING INDEX PCTFREE 10 INITRANS 2 MAXTRANS 255 COMPUTE STATISTICS 
  STORAGE(INITIAL 65536 NEXT 1048576 MINEXTENTS 1 MAXEXTENTS 2147483645
  PCTINCREASE 0 FREELISTS 1 FREELIST GROUPS 1 BUFFER_POOL DEFAULT FLASH_CACHE DEFAULT CELL_FLASH_CACHE DEFAULT)
  TABLESPACE "SYSTEM"  ENABLE;
  ALTER TABLE "TB_ORDER" MODIFY ("ORDER_DATE" NOT NULL ENABLE);
  ALTER TABLE "TB_ORDER" MODIFY ("ORDER_STATUS" NOT NULL ENABLE);
--------------------------------------------------------
--  Constraints for Table TB_USER
--------------------------------------------------------

  ALTER TABLE "TB_USER" MODIFY ("USER_PHONE3" NOT NULL ENABLE);
  ALTER TABLE "TB_USER" MODIFY ("USER_PHONE2" NOT NULL ENABLE);
  ALTER TABLE "TB_USER" ADD UNIQUE ("USER_EMAIL")
  USING INDEX PCTFREE 10 INITRANS 2 MAXTRANS 255 COMPUTE STATISTICS 
  STORAGE(INITIAL 65536 NEXT 1048576 MINEXTENTS 1 MAXEXTENTS 2147483645
  PCTINCREASE 0 FREELISTS 1 FREELIST GROUPS 1 BUFFER_POOL DEFAULT FLASH_CACHE DEFAULT CELL_FLASH_CACHE DEFAULT)
  TABLESPACE "SYSTEM"  ENABLE;
  ALTER TABLE "TB_USER" ADD PRIMARY KEY ("USER_ID")
  USING INDEX PCTFREE 10 INITRANS 2 MAXTRANS 255 COMPUTE STATISTICS 
  STORAGE(INITIAL 65536 NEXT 1048576 MINEXTENTS 1 MAXEXTENTS 2147483645
  PCTINCREASE 0 FREELISTS 1 FREELIST GROUPS 1 BUFFER_POOL DEFAULT FLASH_CACHE DEFAULT CELL_FLASH_CACHE DEFAULT)
  TABLESPACE "SYSTEM"  ENABLE;
  ALTER TABLE "TB_USER" MODIFY ("USER_LEAVE" NOT NULL ENABLE);
  ALTER TABLE "TB_USER" MODIFY ("USER_DATE" NOT NULL ENABLE);
  ALTER TABLE "TB_USER" MODIFY ("USER_PHONE1" NOT NULL ENABLE);
  ALTER TABLE "TB_USER" MODIFY ("USER_JUMIN1" NOT NULL ENABLE);
  ALTER TABLE "TB_USER" MODIFY ("USER_NAME" NOT NULL ENABLE);
  ALTER TABLE "TB_USER" MODIFY ("USER_PWD" NOT NULL ENABLE);
  ALTER TABLE "TB_USER" MODIFY ("USER_JUMIN2" NOT NULL ENABLE);
--------------------------------------------------------
--  Ref Constraints for Table PRODUCT
--------------------------------------------------------

  ALTER TABLE "PRODUCT" ADD FOREIGN KEY ("PRODUCT_CATEGORY")
	  REFERENCES "PRODUCT_CATEGORY" ("PRODUCT_CATEGORY") ENABLE;
